id,gender,masterCategory,subCategory,articleType,baseColour,season,year,usage,productDisplayName,image_path
21162,Women,Apparel,Topwear,Sweaters,Pink,Fall,2011.0,Casual,s.Oliver Women Solid Pink Sweater,dados/fashion-dataset/images/21162.jpg
42979,Men,Apparel,Innerwear,Boxers,Black,Summer,2016.0,Casual,FCUK Black & White Boxers,dados/fashion-dataset/images/42979.jpg
38568,Men,Apparel,Bottomwear,Shorts,Black,Summer,2012.0,Casual,Nike Men Black Running Shorts,dados/fashion-dataset/images/38568.jpg
58658,Women,Apparel,Topwear,Kurtas,Green,Summer,2012.0,Ethnic,ALayna Women Green Kurta,dados/fashion-dataset/images/58658.jpg
57970,Women,Apparel,Saree,Sarees,Green,Fall,2012.0,Ethnic,Prafful Green Printed Sari,dados/fashion-dataset/images/57970.jpg
27919,Women,Apparel,Bottomwear,Trousers,Brown,Summer,2012.0,Formal,Scullers For Her Light Brown Trousers,dados/fashion-dataset/images/27919.jpg
59741,Women,Apparel,Innerwear,Bra,Red,Summer,2014.0,Casual,Avirate Red & Black Bra,dados/fashion-dataset/images/59741.jpg
9685,Men,Apparel,Bottomwear,Shorts,White,Fall,2011.0,Casual,ADIDAS Men Cress 3s3 4 Pan White Capris,dados/fashion-dataset/images/9685.jpg
5026,Women,Apparel,Innerwear,Bra,Purple,Summer,2011.0,Sports,ADIDAS Women Short Purple Sports Bra,dados/fashion-dataset/images/5026.jpg
15182,Men,Apparel,Topwear,Sweaters,Green,Fall,2011.0,Casual,Arrow Sport Men Stripes Green Sweaters,dados/fashion-dataset/images/15182.jpg
52524,Women,Apparel,Bottomwear,Jeggings,Black,Summer,2012.0,Casual,Pepe Jeans Women Black Jeggings,dados/fashion-dataset/images/52524.jpg
54918,Men,Apparel,Bottomwear,Shorts,Brown,Summer,2012.0,Casual,Do u speak green Men Brown 3/4th Pant,dados/fashion-dataset/images/54918.jpg
11174,Men,Apparel,Topwear,Sweaters,Green,Fall,2011.0,Casual,Scullers Men Stripes Green Sweaters,dados/fashion-dataset/images/11174.jpg
47650,Women,Apparel,Dress,Dresses,Black,Summer,2012.0,Casual,Femella Women Black Lace Dress,dados/fashion-dataset/images/47650.jpg
51615,Women,Apparel,Bottomwear,Jeggings,Blue,Fall,2012.0,Casual,Kraus Jeans Women Blue Jeggings,dados/fashion-dataset/images/51615.jpg
14597,Women,Apparel,Bottomwear,Stockings,Black,Summer,2011.0,Casual,United Colors of Benetton Women Solid Black Stockings,dados/fashion-dataset/images/14597.jpg
57088,Women,Apparel,Bottomwear,Skirts,Teal,Summer,2012.0,Casual,Elle Women Teal Skirt,dados/fashion-dataset/images/57088.jpg
42001,Girls,Apparel,Bottomwear,Capris,Pink,Summer,2012.0,Casual,Gini and Jony Girls Kinky Pink Capris,dados/fashion-dataset/images/42001.jpg
25588,Women,Apparel,Apparel Set,Kurta Sets,Green,Fall,2011.0,Ethnic,Vishudh Women Green & Purple Printed Churidar Kurta with Dupatta,dados/fashion-dataset/images/25588.jpg
15676,Men,Apparel,Bottomwear,Jeans,Blue,Fall,2011.0,Casual,Highlander Men High Original Blue Jeans,dados/fashion-dataset/images/15676.jpg
56266,Men,Apparel,Loungewear and Nightwear,Night suits,Grey,Summer,2016.0,Casual,SDL by Sweet Dreams Men Grey & Black Pyjama Set,dados/fashion-dataset/images/56266.jpg
27014,Women,Apparel,Bottomwear,Capris,Blue,Summer,2012.0,Casual,Jealous 21 Women Washed Blue Capris,dados/fashion-dataset/images/27014.jpg
20303,Women,Apparel,Topwear,Sweaters,Purple,Fall,2011.0,Casual,Jealous 21 Women Solid Purple Sweater,dados/fashion-dataset/images/20303.jpg
59746,Women,Apparel,Loungewear and Nightwear,Nightdress,White,Summer,2014.0,Casual,Avirate White Babydoll Nightdress,dados/fashion-dataset/images/59746.jpg
50019,Women,Apparel,Bottomwear,Leggings,Grey Melange,Winter,2015.0,Casual,Hanes Women Grey Comfortsoft Waistband Cotton - Stretch Lace Capri Leggings,dados/fashion-dataset/images/50019.jpg
21163,Women,Apparel,Topwear,Shrug,Grey,Fall,2011.0,Casual,s.Oliver Women Solid Grey Shrug,dados/fashion-dataset/images/21163.jpg
21466,Women,Apparel,Topwear,Sweaters,Blue,Winter,2012.0,Casual,Roxy Women Blue Striped Sweater,dados/fashion-dataset/images/21466.jpg
57034,Women,Apparel,Dress,Jumpsuit,White,Summer,2012.0,Casual,Forever New Women White Playsuit,dados/fashion-dataset/images/57034.jpg
37197,Women,Apparel,Bottomwear,Jeans,Navy Blue,Summer,2012.0,Casual,United Colors of Benetton Women Navy Blue Jeans,dados/fashion-dataset/images/37197.jpg
36752,Girls,Apparel,Apparel Set,Clothing Set,Yellow,Summer,2012.0,Casual,Little Miss Girls Blazing Yellow Clothing Set,dados/fashion-dataset/images/36752.jpg
38575,Men,Apparel,Bottomwear,Track Pants,Black,Summer,2012.0,Sports,Nike Men Breakline Black Track Pants,dados/fashion-dataset/images/38575.jpg
37562,Girls,Apparel,Topwear,Rompers,Green,Summer,2012.0,Casual,Madagascar3 Infant Boys Light Green Snapsuit Romper,dados/fashion-dataset/images/37562.jpg
52360,Women,Apparel,Loungewear and Nightwear,Nightdress,Off White,Winter,2015.0,Casual,Red Rose Women Off White Nightdress,dados/fashion-dataset/images/52360.jpg
12162,Women,Apparel,Bottomwear,Leggings,Green,Fall,2011.0,Ethnic,Aurelia Women Solid Blue Leggings,dados/fashion-dataset/images/12162.jpg
39326,Girls,Apparel,Bottomwear,Leggings,Black,Summer,2012.0,Casual,Gini and Jony Girls Black Leggings,dados/fashion-dataset/images/39326.jpg
38828,Women,Apparel,Dress,Dresses,Teal,Summer,2012.0,Casual,Latin Quarters Women Teal Dress,dados/fashion-dataset/images/38828.jpg
59673,Women,Apparel,Topwear,Lehenga Choli,Red,Fall,2012.0,Ethnic,FNF Red Bridal Collection Lehenga Choli,dados/fashion-dataset/images/59673.jpg
56421,Women,Apparel,Innerwear,Bra,Black,Summer,2017.0,Casual,Biara Women Black  Bra,dados/fashion-dataset/images/56421.jpg
51588,Women,Apparel,Bottomwear,Jeggings,Blue,Summer,2012.0,Casual,Wrangler Women Blue Jeggings,dados/fashion-dataset/images/51588.jpg
9511,Men,Apparel,Topwear,Tshirts,Green,Summer,2011.0,Casual,Basics Men Green T-shirt,dados/fashion-dataset/images/9511.jpg
50681,Men,Apparel,Innerwear,Trunk,Black,Summer,2016.0,Casual,Chromozome Men Pack of Two Trunks,dados/fashion-dataset/images/50681.jpg
36278,Women,Apparel,Loungewear and Nightwear,Night suits,Lavender,Summer,2017.0,Casual,SDL by Sweet Dreams Women Lavender Night suits,dados/fashion-dataset/images/36278.jpg
50698,Women,Apparel,Dress,Dresses,Purple,Summer,2012.0,Casual,Latin Quarters Women Purple Dress,dados/fashion-dataset/images/50698.jpg
40034,Men,Apparel,Bottomwear,Track Pants,Black,Summer,2012.0,Casual,ADIDAS Men Black Track Pants,dados/fashion-dataset/images/40034.jpg
6574,Men,Apparel,Bottomwear,Shorts,White,Summer,2011.0,Sports,Nike Men's Woven Dri Fit White Short,dados/fashion-dataset/images/6574.jpg
7157,Women,Apparel,Topwear,Tunics,Black,Fall,2011.0,Casual,Scullers For Her Women Fashion Summer Black Tunics,dados/fashion-dataset/images/7157.jpg
43673,Women,Apparel,Topwear,Jackets,Blue,Summer,2012.0,Casual,ONLY Women Blue Jacket,dados/fashion-dataset/images/43673.jpg
1848,Men,Apparel,Topwear,Tshirts,Black,Summer,2011.0,Casual,Inkfruit Men Wolf,dados/fashion-dataset/images/1848.jpg
31070,Women,Apparel,Topwear,Dupatta,Green,Summer,2012.0,Ethnic,Fabindia Women Green Silk Dupatta,dados/fashion-dataset/images/31070.jpg
23051,Women,Apparel,Dress,Dresses,Navy Blue,Fall,2011.0,Casual,Arrow Woman Navy Blue Printed Dress,dados/fashion-dataset/images/23051.jpg
11397,Men,Apparel,Topwear,Sweaters,Black,Fall,2011.0,Casual,United Colors of Benetton Men Light WinterSweater Black Sweaters,dados/fashion-dataset/images/11397.jpg
35984,Women,Apparel,Topwear,Tops,Blue,Summer,2012.0,Casual,Flying Machine Women Printed Cobalt Blue Top,dados/fashion-dataset/images/35984.jpg
27216,Men,Apparel,Bottomwear,Shorts,Navy Blue,Summer,2012.0,Casual,Doodle Kids Boy  Navy Blue Shorts,dados/fashion-dataset/images/27216.jpg
18169,Girls,Apparel,Dress,Dresses,Pink,Fall,2011.0,Casual,Doodle Kids Girls Party Frock Pink Dress,dados/fashion-dataset/images/18169.jpg
58503,Women,Apparel,Dress,Dresses,White,Summer,2012.0,Casual,Tonga Women Purple Dress,dados/fashion-dataset/images/58503.jpg
56261,Men,Apparel,Loungewear and Nightwear,Night suits,Navy Blue,Summer,2016.0,Casual,SDL by Sweet Dreams Men Navy Blue Pyjama Set,dados/fashion-dataset/images/56261.jpg
31061,Women,Apparel,Topwear,Dupatta,Rust,Summer,2012.0,Ethnic,Fabindia Women Rust Dupatta,dados/fashion-dataset/images/31061.jpg
24504,Men,Apparel,Topwear,Belts,Brown,Fall,2015.0,Formal,Pacific Gold Men Brown Leather Belt,dados/fashion-dataset/images/24504.jpg
50678,Men,Apparel,Innerwear,Trunk,Navy Blue,Summer,2016.0,Casual,Chromozome Men Navy Blue Trunks,dados/fashion-dataset/images/50678.jpg
18377,Men,Apparel,Innerwear,Trunk,Red,Summer,2016.0,Casual,Undercolors of Benetton Men Red Boxer Trunks,dados/fashion-dataset/images/18377.jpg
25781,Men,Apparel,Topwear,Suspenders,Black,Summer,2012.0,Formal,Arrow Men Black Suspenders,dados/fashion-dataset/images/25781.jpg
22464,Women,Apparel,Bottomwear,Leggings,Black,Fall,2011.0,Casual,Myntra Women Black Patiala Salwar,dados/fashion-dataset/images/22464.jpg
13105,Men,Apparel,Topwear,Jackets,Black,Fall,2011.0,Sports,ADIDAS Men Ess 3s Rainjkt Black Jackets,dados/fashion-dataset/images/13105.jpg
9772,Men,Apparel,Bottomwear,Track Pants,Grey,Fall,2011.0,Casual,ADIDAS Men Cress 3sswptch Grey Track Pants,dados/fashion-dataset/images/9772.jpg
1530,Men,Apparel,Topwear,Jackets,Red,Fall,2010.0,Sports,Puma Men Ferrari Track Jacket,dados/fashion-dataset/images/1530.jpg
56236,Men,Apparel,Loungewear and Nightwear,Night suits,Black,Summer,2016.0,Casual,SDL by Sweet Dreams Men Black Pyjama Set,dados/fashion-dataset/images/56236.jpg
30467,Women,Apparel,Innerwear,Bra,White,Summer,2014.0,Casual,Lovable Women All Day Long White Bra,dados/fashion-dataset/images/30467.jpg
59607,Women,Apparel,Saree,Sarees,Grey,Fall,2012.0,Ethnic,FNF Pink & Grey Wedding Collection Sari,dados/fashion-dataset/images/59607.jpg
18710,Women,Apparel,Bottomwear,Skirts,Tan,Fall,2011.0,Casual,Arrow Woman Printed Tan Skirt,dados/fashion-dataset/images/18710.jpg
50941,Men,Apparel,Innerwear,Innerwear Vests,Red,Summer,2016.0,Casual,Parx Men Red Vest,dados/fashion-dataset/images/50941.jpg
56277,Women,Apparel,Innerwear,Bra,Maroon,Summer,2017.0,Casual,Biara Maroon Everyday Support Bra MW 1002,dados/fashion-dataset/images/56277.jpg
42313,Women,Apparel,Saree,Sarees,Beige,Summer,2010.0,Ethnic,Prafful Belge & Red Crepe Printed Saree,dados/fashion-dataset/images/42313.jpg
14311,Men,Apparel,Topwear,Sweatshirts,Grey,Fall,2011.0,Casual,ADIDAS Men Solid Grey Sweatshirts,dados/fashion-dataset/images/14311.jpg
36287,Women,Apparel,Loungewear and Nightwear,Night suits,Blue,Summer,2017.0,Casual,SDL by Sweet Dreams Women Blue Night suits,dados/fashion-dataset/images/36287.jpg
26917,Women,Apparel,Topwear,Tops,Purple,Summer,2012.0,Casual,Jealous 21 Women Printed Purple Top,dados/fashion-dataset/images/26917.jpg
21645,Women,Apparel,Innerwear,Bra,Black,Summer,2018.0,Casual,Enamor Black Smooth Bra,dados/fashion-dataset/images/21645.jpg
13487,Men,Apparel,Topwear,Shirts,Blue,Fall,2011.0,Casual,Spykar Men Stripes Blue Shirts,dados/fashion-dataset/images/13487.jpg
30907,Women,Apparel,Topwear,Kurtis,Black,Summer,2012.0,Ethnic,Fabindia Women Black Kurti,dados/fashion-dataset/images/30907.jpg
8406,Men,Apparel,Bottomwear,Shorts,White,Fall,2011.0,Sports,ADIDAS Men M Rsp Short Sleeve White Shorts,dados/fashion-dataset/images/8406.jpg
43624,Women,Apparel,Topwear,Tops,White,Summer,2012.0,Casual,Vero Moda Women White Top,dados/fashion-dataset/images/43624.jpg
47073,Women,Apparel,Bottomwear,Patiala,Red,Fall,2012.0,Ethnic,Shree Women Red & Black Patiala,dados/fashion-dataset/images/47073.jpg
54318,Women,Apparel,Innerwear,Bra,Red,Summer,2017.0,Casual,Garfield Women Pink & Red Bra,dados/fashion-dataset/images/54318.jpg
50684,Men,Apparel,Innerwear,Trunk,Brown,Summer,2016.0,Casual,Chromozome Men Brown Trunks,dados/fashion-dataset/images/50684.jpg
13706,Men,Apparel,Topwear,Waistcoat,Red,Fall,2011.0,Casual,Basics Men Red Checked Waistcoat,dados/fashion-dataset/images/13706.jpg
37202,Girls,Apparel,Bottomwear,Jeans,Grey,Summer,2012.0,Casual,United Colors of Benetton Girls Washed Grey Jeans,dados/fashion-dataset/images/37202.jpg
50661,Men,Apparel,Loungewear and Nightwear,Lounge Pants,Grey Melange,Summer,2016.0,Sports,Chromozome Men Grey Melange Lounge Pants,dados/fashion-dataset/images/50661.jpg
22994,Men,Apparel,Loungewear and Nightwear,Lounge Pants,Charcoal,Summer,2016.0,Sports,2go Active Gear USA Men Charcoal Tiger Lounge Pants,dados/fashion-dataset/images/22994.jpg
59077,Women,Apparel,Innerwear,Bra,White,Summer,2017.0,Casual,Peri Peri Women White Bra,dados/fashion-dataset/images/59077.jpg
34479,Women,Apparel,Topwear,Tunics,Blue,Summer,2012.0,Casual,Van Heusen Woman Blue Tunic,dados/fashion-dataset/images/34479.jpg
21464,Women,Apparel,Topwear,Sweaters,Grey,Winter,2012.0,Casual,Roxy Women Grey Sweater,dados/fashion-dataset/images/21464.jpg
50384,Women,Apparel,Bottomwear,Salwar and Dupatta,Black,Summer,2012.0,Ethnic,Vishudh Women Black Salwar and Dupatta,dados/fashion-dataset/images/50384.jpg
59724,Women,Apparel,Innerwear,Bra,Beige,Summer,2012.0,Casual,Avirate Beige & Black Bra,dados/fashion-dataset/images/59724.jpg
52103,Women,Apparel,Topwear,Kurtis,Pink,Summer,2012.0,Ethnic,Myntra Women Pink Kurti,dados/fashion-dataset/images/52103.jpg
50884,Women,Apparel,Saree,Sarees,Multi,Fall,2012.0,Ethnic,Prafful Multi Coloured Printed Sari,dados/fashion-dataset/images/50884.jpg
13097,Men,Apparel,Topwear,Sweaters,Red,Fall,2011.0,Casual,ADIDAS Men Knit Purple Sweaters,dados/fashion-dataset/images/13097.jpg
15822,Men,Apparel,Innerwear,Innerwear Vests,Black,Summer,2016.0,Casual,Facit Men Bicep Tee Black Innerwear Vests,dados/fashion-dataset/images/15822.jpg
39731,Women,Apparel,Bottomwear,Skirts,Grey,Summer,2012.0,Formal,Arrow Woman Grey Skirt,dados/fashion-dataset/images/39731.jpg
50632,Men,Apparel,Innerwear,Trunk,Grey,Winter,2016.0,Casual,Chromozome Men Grey & Black Trunks,dados/fashion-dataset/images/50632.jpg
21725,Men,Apparel,Topwear,Sweatshirts,Navy Blue,Fall,2011.0,Casual,ADIDAS Men Navy Blue Sweatshirt,dados/fashion-dataset/images/21725.jpg
57064,Women,Apparel,Topwear,Jackets,Black,Summer,2012.0,Casual,Elle Women Black Jacket,dados/fashion-dataset/images/57064.jpg
43584,Girls,Apparel,Topwear,Tops,Pink,Summer,2012.0,Casual,Gini and Jony Girls Pink Top,dados/fashion-dataset/images/43584.jpg
16719,Men,Apparel,Topwear,Jackets,Black,Fall,2011.0,Casual,Fila Men Solid Black Jacket,dados/fashion-dataset/images/16719.jpg
9455,Men,Apparel,Topwear,Shirts,Red,Fall,2011.0,Formal,John Miller Men Red Striped Shirt,dados/fashion-dataset/images/9455.jpg
27962,Men,Apparel,Innerwear,Trunk,White,Fall,2018.0,Casual,Jockey Men White SPORT PERFORMANCE Trunks SP08,dados/fashion-dataset/images/27962.jpg
51024,Women,Apparel,Innerwear,Bra,Cream,Summer,2017.0,Casual,Enamor Cream Smooth Bra,dados/fashion-dataset/images/51024.jpg
48522,Women,Apparel,Dress,Jumpsuit,Blue,Winter,2011.0,Casual,French Connection Women Blue Jumpsuit,dados/fashion-dataset/images/48522.jpg
16060,Men,Apparel,Bottomwear,Trousers,Beige,Fall,2011.0,Casual,Highlander Men Solid Beige Trouser,dados/fashion-dataset/images/16060.jpg
24174,Women,Apparel,Topwear,Kurtis,Turquoise Blue,Fall,2011.0,Ethnic,Aurelia Women Turquoise Blue Kurti,dados/fashion-dataset/images/24174.jpg
14582,Women,Apparel,Topwear,Sweaters,Black,Fall,2011.0,Casual,United Colors of Benetton Women Solid Black Sweaters,dados/fashion-dataset/images/14582.jpg
8492,Women,Apparel,Topwear,Tops,Peach,Fall,2011.0,Casual,Forever New Women Peony Peach Top,dados/fashion-dataset/images/8492.jpg
50990,Women,Apparel,Innerwear,Briefs,Red,Summer,2017.0,Casual,Enamor Women Red Briefs,dados/fashion-dataset/images/50990.jpg
21882,Women,Apparel,Topwear,Tunics,Blue,Fall,2011.0,Ethnic,BIBA OUTLET Women Printed Navy Blue Kaftan Top,dados/fashion-dataset/images/21882.jpg
30915,Women,Apparel,Topwear,Kurtis,Orange,Summer,2012.0,Ethnic,Fabindia Women Orange Kurti,dados/fashion-dataset/images/30915.jpg
25395,Men,Apparel,Innerwear,Innerwear Vests,White,Summer,2016.0,Casual,Levis Men White Innerwear T-shirt,dados/fashion-dataset/images/25395.jpg
52027,Unisex,Apparel,Topwear,Rain Jacket,Navy Blue,Summer,2012.0,,Just Natural Unisex Navy Blue Rain Jacket,dados/fashion-dataset/images/52027.jpg
40594,Women,Apparel,Topwear,Kurtis,Rust,Summer,2012.0,Ethnic,Aurelia Women Rust Kurti,dados/fashion-dataset/images/40594.jpg
57067,Women,Apparel,Topwear,Jackets,Green,Summer,2012.0,Casual,Elle Women Green Retro Jacket,dados/fashion-dataset/images/57067.jpg
45639,Men,Apparel,Innerwear,Briefs,White,Summer,2016.0,Casual,Park Avenue Men White Y Front Brief,dados/fashion-dataset/images/45639.jpg
14080,Men,Apparel,Topwear,Sweaters,Purple,Fall,2011.0,Casual,Flying Machine Men Stripes Purple Sweaters,dados/fashion-dataset/images/14080.jpg
52369,Women,Apparel,Loungewear and Nightwear,Nightdress,Yellow,Winter,2015.0,Casual,Red Rose Women Yellow Nightdress,dados/fashion-dataset/images/52369.jpg
59890,Women,Apparel,Topwear,Tunics,Multi,Fall,2012.0,Casual,Femella Women Multi Coloured Tunic,dados/fashion-dataset/images/59890.jpg
12169,Women,Apparel,Topwear,Dupatta,Green,Fall,2011.0,Ethnic,Aurelia Women Voile Green Dupatta,dados/fashion-dataset/images/12169.jpg
37539,Boys,Apparel,Socks,Booties,White,Summer,2012.0,Casual,Madagascar 3 Infants Boys White Booties,dados/fashion-dataset/images/37539.jpg
50433,Men,Apparel,Innerwear,Innerwear Vests,Black,Winter,2016.0,Casual,Chromozome Men Black Pack of 2 Innerwear Vests,dados/fashion-dataset/images/50433.jpg
27471,Women,Apparel,Innerwear,Camisoles,White,Winter,2015.0,Casual,Jockey White Camisole,dados/fashion-dataset/images/27471.jpg
57136,Women,Apparel,Bottomwear,Trousers,Black,Summer,2012.0,Casual,Elle Women Black Trousers,dados/fashion-dataset/images/57136.jpg
5019,Women,Apparel,Bottomwear,Skirts,Navy Blue,Summer,2011.0,Casual,Levis Kids Girl's Betsy Navy Kidswear,dados/fashion-dataset/images/5019.jpg
52387,Women,Apparel,Loungewear and Nightwear,Nightdress,Lavender,Winter,2015.0,Casual,Red Rose Women Lavender  Nightdress,dados/fashion-dataset/images/52387.jpg
51401,Men,Apparel,Topwear,Shirts,Blue,Summer,2012.0,Casual,Myntra Men Blue and Yellow Check Shirt,dados/fashion-dataset/images/51401.jpg
39141,Women,Apparel,Apparel Set,Kurta Sets,Magenta,Summer,2012.0,Ethnic,Aneri Women Magenta Salwar Suit,dados/fashion-dataset/images/39141.jpg
19699,Men,Apparel,Topwear,Shirts,White,Fall,2011.0,Casual,United Colors of Benetton Men White Shirt,dados/fashion-dataset/images/19699.jpg
16510,Men,Apparel,Bottomwear,Jeans,Blue,Fall,2011.0,Casual,Locomotive Men Washed Blue Jeans,dados/fashion-dataset/images/16510.jpg
14619,Women,Apparel,Bottomwear,Stockings,Grey,Summer,2011.0,Casual,United Colors of Benetton Women Solid Grey Stockings,dados/fashion-dataset/images/14619.jpg
50051,Men,Apparel,Innerwear,Innerwear Vests,Black,Summer,2016.0,Casual,Hanes Men Black Innerwear Vest,dados/fashion-dataset/images/50051.jpg
30716,Boys,Apparel,Apparel Set,Kurta Sets,Blue,Summer,2012.0,Ethnic,Fabindia Boys Blue Dhoti Angarakha Set,dados/fashion-dataset/images/30716.jpg
54921,Women,Apparel,Bottomwear,Capris,Olive,Summer,2012.0,Casual,Do u speak green Women Olive Capris,dados/fashion-dataset/images/54921.jpg
53744,Women,Apparel,Bottomwear,Capris,Grey,Summer,2012.0,Casual,ADIDAS Women Grey Capris,dados/fashion-dataset/images/53744.jpg
27444,Women,Apparel,Topwear,Tshirts,Black,Fall,2015.0,Casual,Jockey Women Black T-shirt,dados/fashion-dataset/images/27444.jpg
56845,Men,Apparel,Bottomwear,Jeans,Blue,Fall,2012.0,Casual,John Players Men Blue Regular Fit Jeans,dados/fashion-dataset/images/56845.jpg
45488,Men,Apparel,Bottomwear,Shorts,Navy Blue,Summer,2012.0,Sports,Fila Men Navy Blue Shorts,dados/fashion-dataset/images/45488.jpg
49996,Women,Apparel,Innerwear,Briefs,Pink,Winter,2015.0,Casual,Hanes Women Pack of Two No Panty Line - Cotton Stretch Hipsters,dados/fashion-dataset/images/49996.jpg
52467,Women,Apparel,Innerwear,Camisoles,Lavender,Winter,2015.0,Casual,Red Rose Lavender Camisole,dados/fashion-dataset/images/52467.jpg
3080,Men,Apparel,Topwear,Tshirts,White,Summer,2011.0,Casual,Probase Men's Bike White T-shirt,dados/fashion-dataset/images/3080.jpg
46275,Women,Apparel,Topwear,Tunics,Blue,Summer,2012.0,Casual,109F Women Blue & White Printed Tunic,dados/fashion-dataset/images/46275.jpg
29777,Men,Apparel,Bottomwear,Trousers,Black,Summer,2012.0,Casual,Basics Men Black Trousers,dados/fashion-dataset/images/29777.jpg
37516,Boys,Apparel,Bottomwear,Leggings,White,Summer,2012.0,Casual,Madagascar3 Infant Boys White Leggings,dados/fashion-dataset/images/37516.jpg
52030,Unisex,Apparel,Topwear,Rain Jacket,Olive,Summer,2012.0,,Just Natural Unisex Olive Rain Jacket,dados/fashion-dataset/images/52030.jpg
25931,Women,Apparel,Bottomwear,Skirts,Red,Summer,2012.0,Casual,Femella Women Red Skirt,dados/fashion-dataset/images/25931.jpg
36501,Women,Apparel,Topwear,Kurtas,White,Summer,2012.0,Ethnic,Folklore Women White Printed Kurta,dados/fashion-dataset/images/36501.jpg
27946,Men,Apparel,Innerwear,Trunk,Black,Summer,2016.0,Casual,Jockey CSM Men Comfort Stretch Black Trunks CS04,dados/fashion-dataset/images/27946.jpg
57075,Women,Apparel,Bottomwear,Jeans,Blue,Summer,2012.0,Casual,Elle Blue Jeans,dados/fashion-dataset/images/57075.jpg
9187,Men,Apparel,Bottomwear,Jeans,Blue,Fall,2011.0,Casual,Spykar Men Style Essentials Spykar Basic Attire Series 0428 Blue Jeans,dados/fashion-dataset/images/9187.jpg
35436,Girls,Apparel,Bottomwear,Shorts,Blue,Summer,2012.0,Casual,Doodle Girls Washed Blue Shorts,dados/fashion-dataset/images/35436.jpg
12080,Women,Apparel,Topwear,Kurtas,Yellow,Fall,2011.0,Ethnic,W Women Printed Yellow Kurtas,dados/fashion-dataset/images/12080.jpg
38844,Women,Apparel,Dress,Dresses,Black,Summer,2012.0,Casual,Latin Quarters Women Black & White Printed Dress,dados/fashion-dataset/images/38844.jpg
25785,Men,Apparel,Topwear,Suspenders,Blue,Summer,2012.0,Formal,Arrow Men Blue Suspenders,dados/fashion-dataset/images/25785.jpg
31062,Women,Apparel,Topwear,Dupatta,Beige,Summer,2012.0,Ethnic,Fabindia Women Printed Beige Dupatta,dados/fashion-dataset/images/31062.jpg
57190,Women,Apparel,Topwear,Tunics,Pink,Summer,2012.0,Casual,Elle Women Pink Tunic,dados/fashion-dataset/images/57190.jpg
11312,Men,Apparel,Bottomwear,Trousers,Beige,Fall,2011.0,Casual,Scullers Men Rugged Chinos Beige Trousers,dados/fashion-dataset/images/11312.jpg
57081,Women,Apparel,Topwear,Waistcoat,Blue,Summer,2012.0,Casual,Elle Women Blue Waistcoat,dados/fashion-dataset/images/57081.jpg
18257,Women,Apparel,Topwear,Kurtas,Green,Fall,2011.0,Ethnic,Aneri Women Antara Green Kurta,dados/fashion-dataset/images/18257.jpg
26938,Women,Apparel,Topwear,Tshirts,Black,Summer,2012.0,Casual,Jealous 21 Women Black Printed T-shirt,dados/fashion-dataset/images/26938.jpg
38573,Men,Apparel,Bottomwear,Track Pants,Navy Blue,Fall,2012.0,Sports,Nike Men AD Striker Navy Blue Track Pants,dados/fashion-dataset/images/38573.jpg
20209,Women,Apparel,Topwear,Sweatshirts,Purple,Fall,2011.0,Casual,Wrangler Women Cowl Purple Sweatshirt,dados/fashion-dataset/images/20209.jpg
12988,Women,Apparel,Topwear,Sweaters,Black,Fall,2011.0,Casual,United Colors Of Benetton Women Womenlight Winter Black Sweaters Black Sweaters,dados/fashion-dataset/images/12988.jpg
30894,Women,Apparel,Bottomwear,Patiala,White,Summer,2012.0,Ethnic,Fabindia Women Printed White & Blue Patiala,dados/fashion-dataset/images/30894.jpg
25381,Men,Apparel,Innerwear,Innerwear Vests,Navy Blue,Summer,2016.0,Casual,Levis Men Navy Blue Innerwear Vest,dados/fashion-dataset/images/25381.jpg
53328,Men,Apparel,Innerwear,Boxers,Multi,Summer,2016.0,Casual,Smugglerz Men Multi Coloured Check Boxers,dados/fashion-dataset/images/53328.jpg
50599,Men,Apparel,Innerwear,Briefs,Navy Blue,Summer,2016.0,Casual,Chromozome Men Navy Blue Briefs,dados/fashion-dataset/images/50599.jpg
50512,Men,Apparel,Innerwear,Trunk,Black,Winter,2016.0,Casual,Chromozome Men Black Trunk Trunks,dados/fashion-dataset/images/50512.jpg
18001,Women,Apparel,Loungewear and Nightwear,Lounge Pants,Black,Summer,2011.0,Sports,Puma Women Black Essential Skinny Capris,dados/fashion-dataset/images/18001.jpg
25787,Men,Apparel,Topwear,Suspenders,Red,Summer,2012.0,Formal,Arrow Men Red Suspenders,dados/fashion-dataset/images/25787.jpg
57214,Women,Apparel,Bottomwear,Shorts,Blue,Fall,2012.0,Casual,Kraus Jeans Women Blue Shorts,dados/fashion-dataset/images/57214.jpg
41694,Men,Apparel,Loungewear and Nightwear,Lounge Pants,Black,Summer,2016.0,Casual,Superman Men Black Printed Lounge Pants,dados/fashion-dataset/images/41694.jpg
53807,Men,Apparel,Loungewear and Nightwear,Lounge Pants,Grey,Fall,2012.0,Sports,Puma Men Steel Grey 3/4 Length Pants,dados/fashion-dataset/images/53807.jpg
28090,Men,Apparel,Innerwear,Trunk,Grey,Summer,2016.0,Casual,Jockey GOLDEDN Men Gold Edition Grey Trunks 4013,dados/fashion-dataset/images/28090.jpg
9769,Men,Apparel,Bottomwear,Tracksuits,Navy Blue,Fall,2011.0,Casual,ADIDAS Men Navy Blue Tracksuit,dados/fashion-dataset/images/9769.jpg
27021,Women,Apparel,Bottomwear,Jeans,Blue,Summer,2012.0,Casual,Jealous 21 Women Blue Jeans,dados/fashion-dataset/images/27021.jpg
33169,Women,Apparel,Topwear,Tops,Yellow,Summer,2012.0,Casual,Sepia Women Yellow Top,dados/fashion-dataset/images/33169.jpg
43522,Women,Apparel,Bottomwear,Trousers,Navy Blue,Summer,2012.0,Formal,French Connection Women Navy Trouser,dados/fashion-dataset/images/43522.jpg
54723,Women,Apparel,Apparel Set,Kurta Sets,Magenta,Summer,2012.0,Ethnic,Shree Women Magenta and Yellow Printed Patiala Kurta Set,dados/fashion-dataset/images/54723.jpg
53348,Men,Apparel,Innerwear,Boxers,Blue,Summer,2016.0,Casual,Smugglerz Men Blue and White Check Boxers,dados/fashion-dataset/images/53348.jpg
12003,Men,Apparel,Topwear,Shirts,Grey,Fall,2011.0,Formal,Mark Taylor Men Grey Striped Shirt,dados/fashion-dataset/images/12003.jpg
24942,Girls,Apparel,Topwear,Tops,Black,Summer,2012.0,Casual,United Colors of Benetton Kids Girls Black Top,dados/fashion-dataset/images/24942.jpg
47080,Women,Apparel,Bottomwear,Patiala,Mustard,Fall,2012.0,Ethnic,Shree Women Mustard & Green Patiala,dados/fashion-dataset/images/47080.jpg
27422,Women,Apparel,Loungewear and Nightwear,Lounge Pants,Red,Winter,2015.0,Casual,Jockey Women Red Relaxed Lounge Pants,dados/fashion-dataset/images/27422.jpg
43081,Women,Apparel,Bottomwear,Track Pants,Navy Blue,Summer,2012.0,Casual,Nike Women Navy Blue Track Pant,dados/fashion-dataset/images/43081.jpg
10001,Women,Apparel,Bottomwear,Skirts,Blue,Summer,2011.0,Casual,Palm Tree Kids Girls Sp Jema Skt Blue Skirts,dados/fashion-dataset/images/10001.jpg
22458,Women,Apparel,Bottomwear,Leggings,Pink,Fall,2011.0,Casual,Myntra Women Pink Leggings,dados/fashion-dataset/images/22458.jpg
25039,Men,Apparel,Bottomwear,Shorts,Black,Summer,2011.0,Sports,Nike Men T90 Black Shorts,dados/fashion-dataset/images/25039.jpg
34273,Women,Apparel,Topwear,Dupatta,Green,Summer,2012.0,Ethnic,Fabindia Women Printed Green Dupatta,dados/fashion-dataset/images/34273.jpg
57812,Women,Apparel,Dress,Jumpsuit,Brown,Summer,2012.0,Casual,United Colors of Benetton Women Brown Jumpsuit,dados/fashion-dataset/images/57812.jpg
33190,Women,Apparel,Topwear,Tunics,Grey,Summer,2012.0,Casual,Sepia Women Printed Grey Tunic,dados/fashion-dataset/images/33190.jpg
50034,Men,Apparel,Loungewear and Nightwear,Lounge Pants,Grey,Summer,2016.0,Casual,Hanes Men Grey Contrast piping Lounge Pants,dados/fashion-dataset/images/50034.jpg
15014,Men,Apparel,Topwear,Jackets,Black,Fall,2011.0,Sports,ADIDAS Men Solid Black Jackets,dados/fashion-dataset/images/15014.jpg
28000,Men,Apparel,Innerwear,Briefs,Blue,Summer,2016.0,Casual,Jockey ZONE Men Blue Tanga Brief US18,dados/fashion-dataset/images/28000.jpg
48084,Women,Apparel,Dress,Dresses,Red,Summer,2012.0,Casual,French Connection Women Red Dress,dados/fashion-dataset/images/48084.jpg
12344,Men,Apparel,Bottomwear,Trousers,Beige,Fall,2011.0,Formal,Reid & Taylor Men Solid Beige Trousers,dados/fashion-dataset/images/12344.jpg
12609,Women,Apparel,Topwear,Sweaters,Blue,Fall,2011.0,Casual,Jealous 21 Women Solid Blue Sweaters,dados/fashion-dataset/images/12609.jpg
12781,Women,Apparel,Apparel Set,Kurta Sets,Black,Fall,2011.0,Ethnic,Mother Earth Women Cotton Black Salwar Suit,dados/fashion-dataset/images/12781.jpg
33736,Women,Apparel,Bottomwear,Jeggings,Green,Summer,2012.0,Casual,Pieces Women Green Jeggings,dados/fashion-dataset/images/33736.jpg
54705,Women,Apparel,Apparel Set,Kurta Sets,Navy Blue,Fall,2012.0,Ethnic,Shree Women Navy & Beige Salwar Suit with Dupatta,dados/fashion-dataset/images/54705.jpg
25362,Men,Apparel,Innerwear,Trunk,Black,Summer,2016.0,Casual,Levis Men Black & Grey Trunks,dados/fashion-dataset/images/25362.jpg
53527,Women,Apparel,Innerwear,Briefs,Maroon,Summer,2018.0,Casual,Amante Women Maroon Lace Briefs PCFR21,dados/fashion-dataset/images/53527.jpg
15758,Men,Apparel,Innerwear,Innerwear Vests,Black,Summer,2016.0,Casual,Facit Men Fitness Black Innerwear Vest,dados/fashion-dataset/images/15758.jpg
1603,Men,Apparel,Topwear,Sweatshirts,Navy Blue,Fall,2010.0,Casual,Reebok Men Hoops Athletic Navy Sweatshirt,dados/fashion-dataset/images/1603.jpg
13590,Men,Apparel,Innerwear,Innerwear Vests,Green,Summer,2016.0,Casual,Hanes Men Half Sleeve Pack of 3 Innerwear T-shirts,dados/fashion-dataset/images/13590.jpg
50667,Men,Apparel,Loungewear and Nightwear,Lounge Pants,Grey Melange,Summer,2018.0,Sports,Chromozome Men Grey Melange Fashion Lounge Pants S-5145,dados/fashion-dataset/images/50667.jpg
38835,Women,Apparel,Dress,Dresses,Grey,Summer,2012.0,Casual,Latin Quarters Women Grey & Olive Printed Dress,dados/fashion-dataset/images/38835.jpg
42582,Boys,Apparel,Topwear,Waistcoat,White,Summer,2012.0,Casual,United Colors of Benetton Boys White Waistcoat,dados/fashion-dataset/images/42582.jpg
13254,Men,Apparel,Topwear,Tshirts,Navy Blue,Fall,2011.0,Casual,Palm Tree Kids Boys Printed Navy Blue Tshirts,dados/fashion-dataset/images/13254.jpg
42970,Women,Apparel,Bottomwear,Swimwear,Black,Summer,2017.0,Casual,Amante Black Swimsuit WCSD04,dados/fashion-dataset/images/42970.jpg
49975,Men,Apparel,Innerwear,Innerwear Vests,Grey,Summer,2016.0,Casual,Hanes Men Grey Vest,dados/fashion-dataset/images/49975.jpg
57338,Women,Apparel,Innerwear,Bra,Purple,Winter,2015.0,Casual,Amante Purple Demi-Cup Lace Bra BGDC01,dados/fashion-dataset/images/57338.jpg
34912,Women,Apparel,Topwear,Dupatta,Green,Summer,2012.0,Ethnic,Fabindia Women Mustard Dupatta,dados/fashion-dataset/images/34912.jpg
45780,Women,Apparel,Topwear,Tunics,Black,Summer,2012.0,Casual,Remanika Women Black Tunic,dados/fashion-dataset/images/45780.jpg
50844,Women,Apparel,Topwear,Dupatta,Cream,Summer,2012.0,Ethnic,Fabindia Women Printed Cream Dupatta,dados/fashion-dataset/images/50844.jpg
57408,Women,Apparel,Innerwear,Briefs,Black,Winter,2015.0,Casual,Amante Women Black Briefs PGSK01,dados/fashion-dataset/images/57408.jpg
57419,Women,Apparel,Loungewear and Nightwear,Robe,Blue,Winter,2015.0,Casual,Amante Blue Robe,dados/fashion-dataset/images/57419.jpg
51583,Women,Apparel,Bottomwear,Jeggings,Navy Blue,Summer,2012.0,Casual,Wrangler Women Navy Blue Jeggings,dados/fashion-dataset/images/51583.jpg
21915,Women,Apparel,Apparel Set,Kurta Sets,Orange,Fall,2011.0,Ethnic,Biba Women Orange & Purple Printed Churidar Kurta with Dupatta,dados/fashion-dataset/images/21915.jpg
50637,Men,Apparel,Innerwear,Innerwear Vests,Red,Summer,2016.0,Casual,Chromozome Men Red Innerwear Vest,dados/fashion-dataset/images/50637.jpg
44376,Women,Apparel,Topwear,Waistcoat,Blue,Summer,2012.0,Casual,ONLY Women Blue Waistcoat,dados/fashion-dataset/images/44376.jpg
30903,Women,Apparel,Bottomwear,Salwar,White,Summer,2012.0,Ethnic,Fabindia Women White Salwar,dados/fashion-dataset/images/30903.jpg
17878,Men,Apparel,Innerwear,Innerwear Vests,Maroon,Summer,2016.0,Casual,Levis Men Comfort Style Maroon Innerwear Vest,dados/fashion-dataset/images/17878.jpg
27491,Women,Apparel,Innerwear,Briefs,Pink,Winter,2015.0,Casual,Jockey Women Pink Briefs,dados/fashion-dataset/images/27491.jpg
59731,Women,Apparel,Innerwear,Shapewear,Black,Summer,2014.0,Casual,Avirate Black & Purple Wired Corset Shapewear,dados/fashion-dataset/images/59731.jpg
8390,Men,Apparel,Topwear,Tshirts,Navy Blue,Fall,2011.0,Sports,ADIDAS Men Ess 3s F Tee Navy Blue T-Shirts,dados/fashion-dataset/images/8390.jpg
31564,Men,Apparel,Bottomwear,Trousers,Charcoal,Summer,2012.0,Formal,Mark Taylor Men Striped Charcoal Trousers,dados/fashion-dataset/images/31564.jpg
30616,Women,Apparel,Bottomwear,Track Pants,Black,Summer,2012.0,Sports,Nike Women Black Track Pants,dados/fashion-dataset/images/30616.jpg
50651,Men,Apparel,Loungewear and Nightwear,Lounge Shorts,Black,Winter,2016.0,Casual,Chromozome Men Black Lounge Shorts,dados/fashion-dataset/images/50651.jpg
22625,Men,Apparel,Topwear,Sweaters,Black,Fall,2011.0,Sports,Nike Men Solid Black Sweater,dados/fashion-dataset/images/22625.jpg
52395,Women,Apparel,Loungewear and Nightwear,Nightdress,Grey,Winter,2015.0,Casual,Red Rose Women Grey Nightdress,dados/fashion-dataset/images/52395.jpg
25964,Women,Apparel,Topwear,Tunics,Red,Summer,2012.0,Casual,Femella Women Red Tunic,dados/fashion-dataset/images/25964.jpg
18269,Women,Apparel,Topwear,Tunics,Black,Fall,2011.0,Casual,Aneri Women Monalisa Black Tunic,dados/fashion-dataset/images/18269.jpg
57083,Women,Apparel,Bottomwear,Skirts,Blue,Summer,2012.0,Casual,Elle Women Blue Skirt,dados/fashion-dataset/images/57083.jpg
19062,Women,Apparel,Topwear,Kurtis,Maroon,Fall,2011.0,Ethnic,Aurelia Women Solid Maroon Kurti,dados/fashion-dataset/images/19062.jpg
40145,Girls,Apparel,Bottomwear,Capris,Pink,Summer,2012.0,Casual,Gini and Jony Girls Kinky Pink Capris,dados/fashion-dataset/images/40145.jpg
34942,Women,Apparel,Topwear,Dupatta,Cream,Summer,2012.0,Ethnic,Fabindia Printed Cream Cotton Silk Dupatta,dados/fashion-dataset/images/34942.jpg
28982,Women,Apparel,Apparel Set,Kurta Sets,Green,Summer,2012.0,Ethnic,Biba Outlet Women Green Printed Churidar Kurta with Dupatta,dados/fashion-dataset/images/28982.jpg
54307,Women,Apparel,Innerwear,Briefs,Grey Melange,Summer,2017.0,Casual,Garfield Women Grey Melange String Briefs,dados/fashion-dataset/images/54307.jpg
35049,Women,Apparel,Bottomwear,Patiala,White,Fall,2012.0,Ethnic,Fabindia Women White Printed Patiala,dados/fashion-dataset/images/35049.jpg
18711,Women,Apparel,Bottomwear,Skirts,Brown,Fall,2011.0,Casual,Arrow Woman Printed Brown Skirt,dados/fashion-dataset/images/18711.jpg
34269,Women,Apparel,Topwear,Dupatta,Mauve,Summer,2012.0,Ethnic,Fabindia Women Mauve Silk Dupatta,dados/fashion-dataset/images/34269.jpg
31909,Women,Apparel,Innerwear,Briefs,Pink,Summer,2015.0,Casual,Heart 2 Heart Women Pink Printed Briefs H2H-9-2011,dados/fashion-dataset/images/31909.jpg
51041,Women,Apparel,Innerwear,Briefs,White,Summer,2017.0,Casual,Enamor Women Ivory Coloured Briefs,dados/fashion-dataset/images/51041.jpg
25598,Women,Apparel,Apparel Set,Kurta Sets,Black,Fall,2011.0,Ethnic,Vishudh Women Black & Pink Printed Churidar Kurta with Dupatta,dados/fashion-dataset/images/25598.jpg
32073,Men,Apparel,Innerwear,Boxers,Red,Summer,2016.0,Casual,Playboy Men Red Boxers,dados/fashion-dataset/images/32073.jpg
28775,Women,Apparel,Topwear,Kurtis,Red,Summer,2012.0,Ethnic,Aurelia Women Printed Red Kurti,dados/fashion-dataset/images/28775.jpg
43317,Women,Apparel,Dress,Jumpsuit,Black,Summer,2012.0,Casual,United Colors of Benetton Women Black Jumpsuit,dados/fashion-dataset/images/43317.jpg
34906,Women,Apparel,Topwear,Dupatta,Rust,Summer,2012.0,Ethnic,Fabindia Rust Kota Dupatta,dados/fashion-dataset/images/34906.jpg
59754,Women,Apparel,Loungewear and Nightwear,Nightdress,Black,Summer,2012.0,Casual,Avirate Black Baby Doll Nightdress,dados/fashion-dataset/images/59754.jpg
30605,Men,Apparel,Bottomwear,Track Pants,Grey,Summer,2012.0,Casual,Nike Men Classic Jersey Grey Track Pants,dados/fashion-dataset/images/30605.jpg
33039,Women,Apparel,Topwear,Kurtas,Grey,Summer,2012.0,Ethnic,Mother Earth Women Printed Grey Kurta,dados/fashion-dataset/images/33039.jpg
39321,Girls,Apparel,Bottomwear,Capris,Blue,Summer,2012.0,Casual,Gini and Jony Girls Blue Capris,dados/fashion-dataset/images/39321.jpg
48525,Women,Apparel,Dress,Dresses,White,Summer,2012.0,Casual,French Connection Women White & Blue  Striped Dress,dados/fashion-dataset/images/48525.jpg
44888,Men,Apparel,Topwear,Tshirts,Red,Summer,2012.0,Casual,Puma Men Red Polo Neck T-shirt,dados/fashion-dataset/images/44888.jpg
17860,Men,Apparel,Innerwear,Trunk,Green,Summer,2016.0,Casual,Levis Men Boxer Green Trunks,dados/fashion-dataset/images/17860.jpg
28989,Women,Apparel,Apparel Set,Kurta Sets,Blue,Summer,2012.0,Ethnic,Biba Outlet Women Blue & Green Printed Churidar Kurta with Dupatta,dados/fashion-dataset/images/28989.jpg
18753,Women,Apparel,Topwear,Tops,Blue,Fall,2011.0,Casual,Arrow Woman Megan Blue Top,dados/fashion-dataset/images/18753.jpg
51334,Men,Apparel,Bottomwear,Rain Trousers,Navy Blue,Summer,2012.0,,Wildcraft Men Navy Blue Rain Trousers,dados/fashion-dataset/images/51334.jpg
18005,Men,Apparel,Bottomwear,Shorts,Black,Summer,2011.0,Sports,Puma Men Long Logo Black Bermuda,dados/fashion-dataset/images/18005.jpg
18935,Men,Apparel,Topwear,Tshirts,Blue,Fall,2011.0,Casual,Levi's Men Graphic Print Blue Tshirt,dados/fashion-dataset/images/18935.jpg
40423,Women,Apparel,Topwear,Tops,White,Summer,2012.0,Casual,Tonga Women White Top,dados/fashion-dataset/images/40423.jpg
16224,Men,Apparel,Bottomwear,Tracksuits,Navy Blue,Fall,2011.0,Sports,Puma Men Poly Knitted Navy Blue Tracksuit,dados/fashion-dataset/images/16224.jpg
51806,Women,Apparel,Loungewear and Nightwear,Nightdress,Green,Summer,2016.0,Casual,Bwitch Mint Green Nightdress,dados/fashion-dataset/images/51806.jpg
27138,Women,Apparel,Innerwear,Bra,Cream,Summer,2017.0,Casual,Miss-T Cream Bra,dados/fashion-dataset/images/27138.jpg
34904,Women,Apparel,Topwear,Dupatta,Mustard,Summer,2012.0,Ethnic,Fabindia Mustard Hand Printed Kota Dupatta,dados/fashion-dataset/images/34904.jpg
52034,Men,Apparel,Topwear,Jackets,Black,Summer,2012.0,Casual,Just Natural Unisex Black Jacket,dados/fashion-dataset/images/52034.jpg
7133,Men,Apparel,Bottomwear,Track Pants,Grey,Fall,2011.0,Casual,Urban Yoga Men Bottom Grey Yoga Pants,dados/fashion-dataset/images/7133.jpg
59066,Women,Apparel,Innerwear,Bra,White,Summer,2017.0,Casual,Peri Peri Women White Bra,dados/fashion-dataset/images/59066.jpg
53041,Women,Apparel,Saree,Sarees,Multi,Fall,2012.0,Ethnic,FNF Multi Coloured Printed Sari,dados/fashion-dataset/images/53041.jpg
7940,Women,Apparel,Bottomwear,Capris,Grey,Fall,2011.0,Sports,Puma Women Move Dance Grey Capri,dados/fashion-dataset/images/7940.jpg
59601,Women,Apparel,Saree,Sarees,Brown,Summer,2012.0,Ethnic,FNF Brown Wedding Collection Sari,dados/fashion-dataset/images/59601.jpg
32262,Women,Apparel,Topwear,Tunics,Green,Summer,2012.0,Ethnic,Fabindia Women Printed Green Tunic,dados/fashion-dataset/images/32262.jpg
36746,Boys,Apparel,Apparel Set,Clothing Set,White,Summer,2012.0,Casual,Mr.Men Boys Weeee!! White Clothing Set,dados/fashion-dataset/images/36746.jpg
55813,Women,Apparel,Loungewear and Nightwear,Night suits,Cream,Summer,2017.0,Casual,SDL by Sweet Dreams Women Cream & Grey Printed Night Suit S11-3225,dados/fashion-dataset/images/55813.jpg
24533,Women,Apparel,Topwear,Kurtas,Pink,Fall,2011.0,Ethnic,Mother Earth Women Pink Printed Kurta,dados/fashion-dataset/images/24533.jpg
41588,Men,Apparel,Topwear,Shirts,Blue,Summer,2012.0,Casual,Basics Men Blue Shirt,dados/fashion-dataset/images/41588.jpg
57205,Women,Apparel,Bottomwear,Capris,White,Fall,2012.0,Casual,Kraus Jeans Women White Capris,dados/fashion-dataset/images/57205.jpg
6519,Men,Apparel,Bottomwear,Track Pants,Blue,Summer,2011.0,Sports,Nike Men Soccer Liga Black Track Pant,dados/fashion-dataset/images/6519.jpg
41330,Women,Apparel,Topwear,Dupatta,Magenta,Fall,2012.0,Ethnic,Aurelia Women Magenta Dupatta,dados/fashion-dataset/images/41330.jpg
20346,Women,Apparel,Topwear,Sweaters,Pink,Fall,2011.0,Casual,Scullers For Her Women Solid Pink Sweater,dados/fashion-dataset/images/20346.jpg
54548,Women,Apparel,Topwear,Tunics,Yellow,Summer,2012.0,Casual,Global Desi Women Yellow Tunic,dados/fashion-dataset/images/54548.jpg
13288,Men,Apparel,Bottomwear,Trousers,Beige,Fall,2011.0,Casual,Gini and Jony Kids Solid Beige Trousers,dados/fashion-dataset/images/13288.jpg
57079,Women,Apparel,Dress,Jumpsuit,Blue,Summer,2012.0,Casual,Elle Women Blue Jumpsuit,dados/fashion-dataset/images/57079.jpg
53817,Women,Apparel,Apparel Set,Kurta Sets,White,Fall,2012.0,Ethnic,Ayaany Women White & Green Self-Design Patiala Kurta Set,dados/fashion-dataset/images/53817.jpg
20289,Men,Apparel,Innerwear,Innerwear Vests,Red,Summer,2016.0,Casual,Crusoe Men Red and Black Innerwear Vest,dados/fashion-dataset/images/20289.jpg
40657,Women,Apparel,Topwear,Kurtas,Green,Summer,2012.0,Ethnic,Span Women Green Kurta,dados/fashion-dataset/images/40657.jpg
37564,Girls,Apparel,Innerwear,Innerwear Vests,Pink,Summer,2012.0,Casual,Madagascar3 Pink Girls Innerwear Vest,dados/fashion-dataset/images/37564.jpg
51994,Women,Apparel,Loungewear and Nightwear,Lounge Shorts,Brown,Summer,2017.0,Casual,Inaya Women Brown Lounge Shorts,dados/fashion-dataset/images/51994.jpg
13672,Unisex,Apparel,Bottomwear,Jeans,Blue,Fall,2011.0,Casual,Levis Kids Blue Solid Jean,dados/fashion-dataset/images/13672.jpg
50523,Men,Apparel,Innerwear,Briefs,Black,Winter,2016.0,Casual,Chromozome Men Black Pack of 2 Briefs,dados/fashion-dataset/images/50523.jpg
56228,Men,Apparel,Loungewear and Nightwear,Night suits,Grey Melange,Summer,2016.0,Casual,SDL by Sweet Dreams Men Grey Melange Pyjama Set,dados/fashion-dataset/images/56228.jpg
47276,Men,Apparel,Innerwear,Boxers,Black,Summer,2016.0,Casual,FCUK Underwear Black & White Boxers,dados/fashion-dataset/images/47276.jpg
34947,Women,Apparel,Topwear,Dupatta,Red,Summer,2012.0,Ethnic,Fabindia Women Printed Red Dupatta,dados/fashion-dataset/images/34947.jpg
11543,Women,Apparel,Topwear,Kurtas,Grey,Summer,2011.0,Ethnic,W Women Solid Grey Kurtas,dados/fashion-dataset/images/11543.jpg
52371,Women,Apparel,Loungewear and Nightwear,Nightdress,Blue,Winter,2015.0,Casual,Red Rose Women Blue Nightdress,dados/fashion-dataset/images/52371.jpg
58439,Women,Apparel,Dress,Dresses,Black,Summer,2012.0,Casual,AND by Anita Dongre Women Black Dress,dados/fashion-dataset/images/58439.jpg
31287,Men,Apparel,Bottomwear,Shorts,Black,Summer,2012.0,Casual,Puma Men Dazzle Black Shorts,dados/fashion-dataset/images/31287.jpg
30734,Men,Apparel,Bottomwear,Churidar,White,Summer,2012.0,Ethnic,Fabindia Men White Churidar,dados/fashion-dataset/images/30734.jpg
34990,Women,Apparel,Saree,Sarees,Grey,Summer,2012.0,Ethnic,Fabindia H& Printed Grey Cotton Mull Sari,dados/fashion-dataset/images/34990.jpg
25596,Women,Apparel,Apparel Set,Kurta Sets,Mustard,Fall,2011.0,Ethnic,Vishudh Women Mustard Yellow & Navy Churidar Kurta with Dupatta,dados/fashion-dataset/images/25596.jpg
40070,Women,Apparel,Bottomwear,Capris,Black,Summer,2012.0,Casual,ADIDAS Women Black Capris,dados/fashion-dataset/images/40070.jpg
7486,Women,Apparel,Bottomwear,Track Pants,Navy Blue,Summer,2011.0,Sports,Nike Women's Be Bold Navy Blue Track Pant,dados/fashion-dataset/images/7486.jpg
52489,Women,Apparel,Innerwear,Camisoles,Skin,Winter,2015.0,Casual,Red Rose Beige Camisole,dados/fashion-dataset/images/52489.jpg
52346,Women,Apparel,Loungewear and Nightwear,Nightdress,Peach,Winter,2015.0,Casual,Red Rose Peach Nightdress,dados/fashion-dataset/images/52346.jpg
15048,Women,Apparel,Topwear,Sweaters,Grey,Fall,2011.0,Casual,ADIDAS Women Solid Grey Sweaters,dados/fashion-dataset/images/15048.jpg
15033,Women,Apparel,Topwear,Sweaters,Grey,Fall,2011.0,Casual,ADIDAS Women Stripes Solid Grey Sweaters,dados/fashion-dataset/images/15033.jpg
34222,Men,Apparel,Topwear,Tshirts,White,Summer,2013.0,Casual,Proline White Polo T-shirt,dados/fashion-dataset/images/34222.jpg
16214,Men,Apparel,Bottomwear,Track Pants,Navy Blue,Fall,2011.0,Sports,Puma Men Heroes Navy Blue Track Pant,dados/fashion-dataset/images/16214.jpg
47043,Women,Apparel,Bottomwear,Salwar,Orange,Summer,2012.0,Ethnic,Shree Women Orange & Pink Jodhpuri Salwar,dados/fashion-dataset/images/47043.jpg
47053,Women,Apparel,Bottomwear,Salwar,Blue,Summer,2012.0,Ethnic,Shree Women Blue & Yellow Jodhpuri Salwar,dados/fashion-dataset/images/47053.jpg
55831,Women,Apparel,Loungewear and Nightwear,Nightdress,White,Summer,2017.0,Casual,SDL by Sweet Dreams Women White Nightdress,dados/fashion-dataset/images/55831.jpg
2306,Women,Apparel,Bottomwear,Capris,Black,Fall,2010.0,Sports,Nike Women Cuffed Black Capris,dados/fashion-dataset/images/2306.jpg
43044,Men,Apparel,Bottomwear,Shorts,Charcoal,Summer,2012.0,Casual,Nike Men Charcoal Grey Shorts,dados/fashion-dataset/images/43044.jpg
15319,Men,Apparel,Topwear,Jackets,Navy Blue,Fall,2011.0,Casual,Nike Men Solid Navy Blue Jackets,dados/fashion-dataset/images/15319.jpg
30829,Women,Apparel,Bottomwear,Churidar,Blue,Summer,2012.0,Ethnic,Fabindia Women Blue Mangalgiri Churidar,dados/fashion-dataset/images/30829.jpg
47079,Women,Apparel,Bottomwear,Patiala,Purple,Fall,2012.0,Ethnic,Shree Women Purple & Green Patiala,dados/fashion-dataset/images/47079.jpg
27854,Women,Apparel,Topwear,Tops,Maroon,Summer,2012.0,Casual,Scullers For Her Women Maroon Top,dados/fashion-dataset/images/27854.jpg
15766,Men,Apparel,Innerwear,Innerwear Vests,Charcoal,Summer,2016.0,Casual,Facit Men Smart Charcoal Innerwear Vest,dados/fashion-dataset/images/15766.jpg
3345,Men,Apparel,Topwear,Tshirts,White,Summer,2011.0,Casual,Myntra Men's Executive White T-shirt,dados/fashion-dataset/images/3345.jpg
11008,Women,Apparel,Topwear,Tshirts,Cream,Fall,2011.0,Casual,Inkfruit Women Behind Cream Tshirts,dados/fashion-dataset/images/11008.jpg
8789,Men,Apparel,Topwear,Shirts,White,Fall,2011.0,Formal,Indigo Nation Men Price catch Blue White Shirts,dados/fashion-dataset/images/8789.jpg
7168,Men,Apparel,Topwear,Shirts,Blue,Fall,2011.0,Casual,Scullers Men Scul Blue White Shirt,dados/fashion-dataset/images/7168.jpg
20378,Women,Apparel,Topwear,Sweatshirts,Black,Fall,2011.0,Sports,Urban Yoga Women Printed Black Sweatshirt,dados/fashion-dataset/images/20378.jpg
17906,Men,Apparel,Topwear,Sweatshirts,Black,Fall,2011.0,Casual,Nike Men Sptcas Black Sweatshirt,dados/fashion-dataset/images/17906.jpg
42235,Women,Apparel,Topwear,Tops,Black,Summer,2012.0,Casual,Sepia Women Black Top,dados/fashion-dataset/images/42235.jpg
51598,Women,Apparel,Bottomwear,Jeggings,Blue,Summer,2012.0,Casual,Wrangler Women Blue Jeggings,dados/fashion-dataset/images/51598.jpg
52477,Women,Apparel,Loungewear and Nightwear,Baby Dolls,Black,Winter,2015.0,Casual,Red Rose Black Nightdress,dados/fashion-dataset/images/52477.jpg
51361,Women,Apparel,Bottomwear,Capris,Blue,Summer,2012.0,Casual,Spykar Women Blue Washed Capri,dados/fashion-dataset/images/51361.jpg
59733,Women,Apparel,Innerwear,Shapewear,Pink,Summer,2014.0,Casual,Avirate Pink Wired Corset Shapewear,dados/fashion-dataset/images/59733.jpg
27199,Women,Apparel,Bottomwear,Skirts,Grey,Summer,2012.0,Casual,Doodle Kids Girl Printed Grey Skirt,dados/fashion-dataset/images/27199.jpg
12670,Men,Apparel,Bottomwear,Shorts,White,Fall,2011.0,Casual,Probase Men Check White Shorts,dados/fashion-dataset/images/12670.jpg
52453,Women,Apparel,Loungewear and Nightwear,Nightdress,Red,Winter,2015.0,Casual,Red Rose Red Nightdress,dados/fashion-dataset/images/52453.jpg
35886,Boys,Apparel,Topwear,Tshirts,White,Summer,2012.0,Casual,Jungle Book Boys 11 White T-shirt,dados/fashion-dataset/images/35886.jpg
18881,Women,Apparel,Topwear,Shirts,White,Fall,2011.0,Casual,Arrow Woman Lana White Shirt,dados/fashion-dataset/images/18881.jpg
27410,Women,Apparel,Loungewear and Nightwear,Lounge Pants,Multi,Summer,2018.0,Casual,Jockey Women Assorted Lounge Pants,dados/fashion-dataset/images/27410.jpg
20038,Women,Apparel,Bottomwear,Stockings,Beige,Fall,2011.0,Casual,United Colors of Benetton Women Beige Striped Tights,dados/fashion-dataset/images/20038.jpg
44375,Women,Apparel,Topwear,Waistcoat,Blue,Summer,2012.0,Casual,ONLY Women Blue Waistcoat,dados/fashion-dataset/images/44375.jpg
23668,Men,Apparel,Topwear,Sweaters,Black,Fall,2011.0,Casual,Spykar Men Black Sweaters,dados/fashion-dataset/images/23668.jpg
52514,Women,Apparel,Innerwear,Camisoles,Black,Winter,2015.0,Casual,Red Rose Black Camisole,dados/fashion-dataset/images/52514.jpg
28114,Men,Apparel,Innerwear,Trunk,Grey,Summer,2016.0,Casual,Jockey COMFORT PLUS Men Comfort Plus Grey Trunks 8015,dados/fashion-dataset/images/28114.jpg
8904,Men,Apparel,Bottomwear,Trousers,White,Fall,2011.0,Formal,Indigo Nation Men ID Solid White Trousers,dados/fashion-dataset/images/8904.jpg
15585,Men,Apparel,Topwear,Sweatshirts,Blue,Fall,2011.0,Casual,Proline Men Blue Printed Sweatshirt,dados/fashion-dataset/images/15585.jpg
36747,Boys,Apparel,Apparel Set,Clothing Set,White,Summer,2012.0,Casual,Mr.Men Boys I Am Sleeping White Clothing Set,dados/fashion-dataset/images/36747.jpg
25037,Women,Apparel,Bottomwear,Leggings,Purple,Fall,2011.0,Casual,Nike Women Long Purple Leggings,dados/fashion-dataset/images/25037.jpg
28978,Women,Apparel,Apparel Set,Kurta Sets,White,Summer,2012.0,Ethnic,Biba Women White Churidar Kurta with Dupatta,dados/fashion-dataset/images/28978.jpg
17917,Men,Apparel,Topwear,Sweatshirts,Purple,Fall,2011.0,Sports,Nike Men Purple Sweatshirt,dados/fashion-dataset/images/17917.jpg
52490,Women,Apparel,Innerwear,Camisoles,White,Winter,2015.0,Casual,Red Rose White Camisole,dados/fashion-dataset/images/52490.jpg
37549,Girls,Apparel,Socks,Booties,Pink,Summer,2012.0,Casual,Madagascar 3 Infants Girls Pink Booties,dados/fashion-dataset/images/37549.jpg
47045,Women,Apparel,Bottomwear,Salwar,Green,Summer,2012.0,Ethnic,Shree Women Green & Purple Jodhpuri Salwar,dados/fashion-dataset/images/47045.jpg
52162,Women,Apparel,Dress,Dresses,Black,Summer,2012.0,Casual,Femella Women Black Striped Tank Dress,dados/fashion-dataset/images/52162.jpg
57210,Women,Apparel,Bottomwear,Jeggings,Blue,Fall,2012.0,Casual,Kraus Jeans Women Blue Jeggings,dados/fashion-dataset/images/57210.jpg
10360,Women,Apparel,Dress,Dresses,Black,Fall,2011.0,Casual,United Colors of Benetton Women Black Dress,dados/fashion-dataset/images/10360.jpg
13624,Men,Apparel,Loungewear and Nightwear,Lounge Shorts,Red,Summer,2016.0,Casual,Hanes Men Knitted Red Shorts,dados/fashion-dataset/images/13624.jpg
52469,Women,Apparel,Innerwear,Camisoles,Blue,Winter,2015.0,Casual,Red Rose Sky Blue Camisole,dados/fashion-dataset/images/52469.jpg
37537,Boys,Apparel,Socks,Booties,Yellow,Summer,2012.0,Casual,Madagascar 3 Infant Boys Yellow Booties,dados/fashion-dataset/images/37537.jpg
27191,Women,Apparel,Topwear,Kurtas,Pink,Fall,2011.0,Ethnic,Mother Earth Women Pink Printed Kurta,dados/fashion-dataset/images/27191.jpg
16517,Men,Apparel,Bottomwear,Jeans,Blue,Fall,2011.0,Casual,Locomotive Men Washed Blue Jeans,dados/fashion-dataset/images/16517.jpg
19005,Women,Apparel,Topwear,Sweatshirts,Grey,Summer,2011.0,Casual,ADIDAS Originals Women F Sleek Trf Grey Sweatshirt,dados/fashion-dataset/images/19005.jpg
38343,Girls,Apparel,Topwear,Tops,White,Summer,2012.0,Casual,Mr. Men Little Miss Girls White Tops,dados/fashion-dataset/images/38343.jpg
6478,Men,Apparel,Topwear,Jackets,Grey,Summer,2011.0,Casual,ADIDAS Men Top Grey Jacket,dados/fashion-dataset/images/6478.jpg
30825,Women,Apparel,Bottomwear,Churidar,Magenta,Summer,2012.0,Ethnic,Fabindia Women Magenta Mangalgiri Churidar,dados/fashion-dataset/images/30825.jpg
43675,Women,Apparel,Dress,Jumpsuit,Pink,Summer,2012.0,Casual,French Connection Women Multi Coloured Playsuit,dados/fashion-dataset/images/43675.jpg
7686,Men,Apparel,Topwear,Jackets,Red,Fall,2011.0,Sports,Puma Men Alonso Track Red Ferrari Jacket,dados/fashion-dataset/images/7686.jpg
52435,Women,Apparel,Loungewear and Nightwear,Nightdress,Purple,Summer,2017.0,Casual,Red Rose Women Purple Nightdress,dados/fashion-dataset/images/52435.jpg
52492,Women,Apparel,Innerwear,Camisoles,Skin,Winter,2015.0,Casual,Red Rose Skin Cream Camisole,dados/fashion-dataset/images/52492.jpg
50633,Men,Apparel,Innerwear,Trunk,Navy Blue,Summer,2016.0,Casual,Chromozome Men Navy Blue & Red Trunks,dados/fashion-dataset/images/50633.jpg
22592,Men,Apparel,Topwear,Sweatshirts,Red,Fall,2011.0,Casual,Nike Men Red Striped Sweatshirt,dados/fashion-dataset/images/22592.jpg
23045,Women,Apparel,Bottomwear,Leggings,Black,Fall,2011.0,Casual,Arrow Woman Black Printed Jeggings,dados/fashion-dataset/images/23045.jpg
52491,Women,Apparel,Innerwear,Camisoles,Black,Winter,2015.0,Casual,Red Rose Black Camisole,dados/fashion-dataset/images/52491.jpg
25780,Men,Apparel,Topwear,Suspenders,Blue,Summer,2012.0,Formal,Arrow Men Blue Suspenders,dados/fashion-dataset/images/25780.jpg
50851,Women,Apparel,Saree,Sarees,Maroon,Fall,2012.0,Ethnic,Prafful Maroon Crepe Printed Saree,dados/fashion-dataset/images/50851.jpg
15687,Men,Apparel,Bottomwear,Trousers,Beige,Fall,2011.0,Casual,Highlander Men Classic Chinos Beige Trousers,dados/fashion-dataset/images/15687.jpg
41693,Men,Apparel,Loungewear and Nightwear,Lounge Pants,Navy Blue,Summer,2016.0,Casual,Superman Men Blue Printed Lounge Pants,dados/fashion-dataset/images/41693.jpg
50342,Women,Apparel,Topwear,Kurtis,Purple,Summer,2012.0,Ethnic,Aurelia Women Purple Printed Kurti,dados/fashion-dataset/images/50342.jpg
41322,Women,Apparel,Bottomwear,Leggings,Orange,Summer,2012.0,Ethnic,Aurelia Women Orange Leggings,dados/fashion-dataset/images/41322.jpg
53822,Women,Apparel,Topwear,Tunics,Black,Fall,2012.0,Casual,Ayaanay_Women_New_2013_Tunics_Size_Chart.jpg,dados/fashion-dataset/images/53822.jpg
31326,Women,Apparel,Topwear,Kurtis,Rust,Summer,2012.0,Ethnic,Aurelia Women Rust Kurti,dados/fashion-dataset/images/31326.jpg
22627,Men,Apparel,Topwear,Sweaters,White,Fall,2011.0,Sports,Nike Men White Sweater,dados/fashion-dataset/images/22627.jpg
41699,Men,Apparel,Loungewear and Nightwear,Lounge Pants,Navy Blue,Summer,2016.0,Casual,DC Comics Men Blue Printed Lounge Pants,dados/fashion-dataset/images/41699.jpg
52028,Unisex,Apparel,Topwear,Rain Jacket,Brown,Summer,2012.0,,Just Natural Unisex Brown Rain Jacket,dados/fashion-dataset/images/52028.jpg
55791,Women,Apparel,Loungewear and Nightwear,Night suits,Black,Summer,2017.0,Casual,SDL by Sweet Dreams Women Black & Grey Night Suit 314771,dados/fashion-dataset/images/55791.jpg
28710,Women,Apparel,Topwear,Kurtas,Multi,Summer,2012.0,Ethnic,W Women Printed Multi Coloured Kurta,dados/fashion-dataset/images/28710.jpg
1999,Men,Apparel,Bottomwear,Track Pants,Grey,Fall,2010.0,Casual,Puma Men's Grey Track Pants,dados/fashion-dataset/images/1999.jpg
50843,Women,Apparel,Topwear,Dupatta,Purple,Summer,2012.0,Ethnic,Fabindia Women Purple Dupatta,dados/fashion-dataset/images/50843.jpg
39117,Women,Apparel,Bottomwear,Leggings,Green,Fall,2012.0,Casual,Aneri Women Green Leggings,dados/fashion-dataset/images/39117.jpg
27421,Women,Apparel,Loungewear and Nightwear,Lounge Pants,Blue,Winter,2015.0,Casual,Jockey Women Blue Lounge Pants,dados/fashion-dataset/images/27421.jpg
14053,Men,Apparel,Topwear,Shirts,Blue,Fall,2011.0,Casual,Flying Machine Men Check  Blue Shirts,dados/fashion-dataset/images/14053.jpg
27289,Women,Apparel,Topwear,Kurtas,Grey,Fall,2011.0,Ethnic,Mother Earth Women Striped Grey Kurta,dados/fashion-dataset/images/27289.jpg
18897,Women,Apparel,Dress,Dresses,Green,Fall,2011.0,Casual,Arrow Woman Solid Green Dress,dados/fashion-dataset/images/18897.jpg
24911,Boys,Apparel,Topwear,Tshirts,Grey,Summer,2012.0,Casual,United Colors of Benetton Kids Boys Grey Printed T-shirt,dados/fashion-dataset/images/24911.jpg
12357,Men,Apparel,Topwear,Shirts,Blue,Fall,2011.0,Formal,Reid & Taylor Men Check Blue Shirts,dados/fashion-dataset/images/12357.jpg
27231,Women,Apparel,Bottomwear,Skirts,Blue,Summer,2012.0,Casual,Doodle Kids Girl Washed Blue Skirt,dados/fashion-dataset/images/27231.jpg
12848,Women,Apparel,Bottomwear,Skirts,Blue,Fall,2011.0,Casual,Ant Kids Check Blue Skirts,dados/fashion-dataset/images/12848.jpg
18203,Men,Apparel,Topwear,Sweatshirts,Black,Fall,2011.0,Casual,Nike Men AS Squad Fleec LS Crew Black Sweatshirt,dados/fashion-dataset/images/18203.jpg
28980,Women,Apparel,Apparel Set,Kurta Sets,Yellow,Summer,2012.0,Ethnic,Biba Women Yellow & Green Printed Churidar Kurta with Dupatta,dados/fashion-dataset/images/28980.jpg
34300,Women,Apparel,Topwear,Dupatta,Green,Summer,2012.0,Ethnic,Fabindia Women Green Tussar Dupatta,dados/fashion-dataset/images/34300.jpg
40605,Women,Apparel,Topwear,Kurtas,Teal,Summer,2012.0,Ethnic,Span Women Teal Kurta,dados/fashion-dataset/images/40605.jpg
16193,Men,Apparel,Topwear,Sweaters,Green,Fall,2011.0,Casual,Puma Men Knitted Vest Green Sweater,dados/fashion-dataset/images/16193.jpg
51006,Women,Apparel,Innerwear,Bra,Brown,Summer,2017.0,Casual,Enamor Brown Bra,dados/fashion-dataset/images/51006.jpg
31116,Boys,Apparel,Bottomwear,Shorts,Grey,Summer,2012.0,Casual,Gini and Jony Boys Grey Shorts,dados/fashion-dataset/images/31116.jpg
48470,Women,Apparel,Dress,Dresses,Teal,Summer,2012.0,Casual,French Connection Teal Dress,dados/fashion-dataset/images/48470.jpg
25592,Women,Apparel,Apparel Set,Kurta Sets,Black,Fall,2011.0,Ethnic,Vishudh Women Black & Purple Printed Churidar Kurta with Dupatta,dados/fashion-dataset/images/25592.jpg
48467,Women,Apparel,Dress,Dresses,Red,Summer,2012.0,Casual,French Connection Women Red Dress,dados/fashion-dataset/images/48467.jpg
27205,Men,Apparel,Bottomwear,Shorts,Blue,Summer,2012.0,Casual,Doodle Kids Boy Dark Blue Shorts,dados/fashion-dataset/images/27205.jpg
24307,Men,Apparel,Topwear,Sweatshirts,Grey,Fall,2011.0,Casual,ADIDAS Men Grey Printed Sweatshirt,dados/fashion-dataset/images/24307.jpg
30738,Men,Apparel,Topwear,Nehru Jackets,Navy Blue,Summer,2012.0,Ethnic,Fabindia Men Navy Blue Bhagalpur Nehru Jacket,dados/fashion-dataset/images/30738.jpg
32279,Women,Apparel,Topwear,Kurtas,Purple,Summer,2012.0,Ethnic,Fabindia Women Printed Purple Kurta,dados/fashion-dataset/images/32279.jpg
9994,Women,Apparel,Bottomwear,Skirts,Blue,Summer,2011.0,Casual,Gini And Jony Girls Ac Arnia Skt Blue Skirts,dados/fashion-dataset/images/9994.jpg
59065,Women,Apparel,Innerwear,Bra,Blue,Summer,2017.0,Casual,Peri Peri Women Blue Bra,dados/fashion-dataset/images/59065.jpg
36281,Women,Apparel,Loungewear and Nightwear,Night suits,Blue,Summer,2017.0,Casual,SDL by Sweet Dreams Women Blue Night suits,dados/fashion-dataset/images/36281.jpg
18699,Men,Apparel,Innerwear,Briefs,Blue,Summer,2016.0,Casual,Hanes Men Blue Ultimate Duo Dry Cotton Stretch Bikini Briefs,dados/fashion-dataset/images/18699.jpg
24305,Men,Apparel,Bottomwear,Tracksuits,White,Fall,2012.0,Sports,ADIDAS White & Navy Blue Tracksuit,dados/fashion-dataset/images/24305.jpg
10597,Men,Apparel,Bottomwear,Jeans,Blue,Fall,2011.0,Casual,Flying Machine Men Skinny Jack Blue Jeans,dados/fashion-dataset/images/10597.jpg
40082,Men,Apparel,Bottomwear,Shorts,Navy Blue,Winter,2014.0,Casual,ADIDAS Men Navy Blue Short,dados/fashion-dataset/images/40082.jpg
57217,Women,Apparel,Bottomwear,Capris,Blue,Fall,2012.0,Casual,Kraus Jeans Women Blue Capris,dados/fashion-dataset/images/57217.jpg
12103,Women,Apparel,Topwear,Kurtis,Brown,Fall,2011.0,Ethnic,W Women Printed Brown Kurti,dados/fashion-dataset/images/12103.jpg
31164,Boys,Apparel,Bottomwear,Jeans,Blue,Summer,2012.0,Casual,Gini and Jony Boys Blue Jeans,dados/fashion-dataset/images/31164.jpg
47048,Women,Apparel,Bottomwear,Salwar,Multi,Summer,2012.0,Ethnic,Shree Women Multi Colored Jodhpuri Salwar,dados/fashion-dataset/images/47048.jpg
47077,Women,Apparel,Bottomwear,Patiala,Pink,Fall,2012.0,Ethnic,Shree Women Pink Printed Patiala,dados/fashion-dataset/images/47077.jpg
58007,Women,Apparel,Topwear,Tops,Mustard,Fall,2012.0,Casual,Latin Quarters Women Chartreuse Yellow Top,dados/fashion-dataset/images/58007.jpg
26384,Men,Apparel,Bottomwear,Trousers,Black,Summer,2012.0,Formal,Turtle Men Black Trousers,dados/fashion-dataset/images/26384.jpg
59696,Women,Apparel,Innerwear,Briefs,Cream,Summer,2014.0,Casual,Avirate Cream Brief,dados/fashion-dataset/images/59696.jpg
51034,Women,Apparel,Loungewear and Nightwear,Nightdress,Pink,Summer,2017.0,Casual,Enamor Women Pink Highspirit Nightdress,dados/fashion-dataset/images/51034.jpg
36266,Women,Apparel,Loungewear and Nightwear,Night suits,Pink,Summer,2017.0,Casual,SDL by Sweet Dreams Women Pink Night suits,dados/fashion-dataset/images/36266.jpg
42349,Women,Apparel,Bottomwear,Leggings,Red,Summer,2012.0,Casual,Flying Machine Women Red Leggings,dados/fashion-dataset/images/42349.jpg
3323,Men,Apparel,Topwear,Jackets,Blue,Summer,2011.0,Sports,KKR Mens Fangear Tee,dados/fashion-dataset/images/3323.jpg
27196,Girls,Apparel,Dress,Dresses,Yellow,Summer,2012.0,Casual,Doodle Girls Yellow Dress,dados/fashion-dataset/images/27196.jpg
24240,Women,Apparel,Topwear,Kurtis,Purple,Fall,2011.0,Ethnic,La-Emotio Women Purple Kurti,dados/fashion-dataset/images/24240.jpg
11439,Women,Apparel,Topwear,Tops,Navy Blue,Fall,2011.0,Casual,United Colors of Benetton Women Solid Navy Blue Top,dados/fashion-dataset/images/11439.jpg
26255,Men,Apparel,Bottomwear,Track Pants,Navy Blue,Summer,2012.0,Casual,Proline Men Navy Track Pants,dados/fashion-dataset/images/26255.jpg
24442,Men,Apparel,Innerwear,Innerwear Vests,Grey,Summer,2016.0,Casual,Facit Men Grey Printed Innerwear Vest,dados/fashion-dataset/images/24442.jpg
32074,Men,Apparel,Innerwear,Boxers,White,Summer,2016.0,Casual,Playboy Men White Boxers,dados/fashion-dataset/images/32074.jpg
20233,Women,Apparel,Topwear,Sweaters,Red,Fall,2011.0,Casual,Wrangler Women Felt Grey Sweater,dados/fashion-dataset/images/20233.jpg
54342,Women,Apparel,Bottomwear,Leggings,Blue,Summer,2012.0,Casual,BIBA OUTLET Women Blue Premium Cotton Leggings,dados/fashion-dataset/images/54342.jpg
28985,Women,Apparel,Apparel Set,Kurta Sets,White,Summer,2012.0,Ethnic,Biba Outlet Women White & Green Printed Churidar Kurta with Dupatta,dados/fashion-dataset/images/28985.jpg
47055,Women,Apparel,Bottomwear,Salwar,Brown,Summer,2012.0,Ethnic,Shree Women Brown Jodhpuri Salwar,dados/fashion-dataset/images/47055.jpg
8834,Men,Apparel,Bottomwear,Trousers,Brown,Summer,2011.0,Formal,Scullers Men Scul Brown Trousers,dados/fashion-dataset/images/8834.jpg
33718,Women,Apparel,Bottomwear,Jeggings,Pink,Summer,2012.0,Casual,Pieces Women Pink Jeggings,dados/fashion-dataset/images/33718.jpg
14029,Women,Apparel,Bottomwear,Track Pants,Grey,Fall,2011.0,Sports,Nike Women Solid Grey Track Pants,dados/fashion-dataset/images/14029.jpg
21908,Women,Apparel,Apparel Set,Kurta Sets,Blue,Fall,2011.0,Ethnic,Biba Women Blue & Pink Churidar Kurta with Dupatta,dados/fashion-dataset/images/21908.jpg
35034,Women,Apparel,Bottomwear,Churidar,Navy Blue,Summer,2012.0,Ethnic,Fabindia Women Navy Blue Churidar,dados/fashion-dataset/images/35034.jpg
12839,Women,Apparel,Bottomwear,Skirts,Black,Fall,2011.0,Casual,Ant Kids Pleated Black Skirts,dados/fashion-dataset/images/12839.jpg
37551,Girls,Apparel,Socks,Booties,White,Summer,2012.0,Casual,Madagascar 3 Infant Girls White Booties,dados/fashion-dataset/images/37551.jpg
16430,Men,Apparel,Topwear,Tshirts,Blue,Fall,2011.0,Casual,Levi's Men Printed Blue  Tshirts,dados/fashion-dataset/images/16430.jpg
59965,Women,Apparel,Dress,Dresses,Black,Fall,2012.0,Casual,Avirate Black Dress,dados/fashion-dataset/images/59965.jpg
49959,Men,Apparel,Bottomwear,Shorts,Red,Summer,2016.0,Casual,Hanes Men Red Athletic 3/4th Pants,dados/fashion-dataset/images/49959.jpg
7409,Women,Apparel,Topwear,Kurtas,Pink,Summer,2011.0,Ethnic,W Women Round Neck Short Sleeve Pink Kurta,dados/fashion-dataset/images/7409.jpg
31729,Men,Apparel,Topwear,Blazers,Blue,Summer,2012.0,Formal,Reid & Taylor Men Blue Blazer,dados/fashion-dataset/images/31729.jpg
19811,Men,Apparel,Topwear,Sweatshirts,Black,Fall,2011.0,Casual,U.S. Polo Assn. Men Solid Black Sweatshirt,dados/fashion-dataset/images/19811.jpg
18678,Men,Apparel,Innerwear,Trunk,Black,Summer,2016.0,Casual,Hanes Men Black Boxer  Trunks,dados/fashion-dataset/images/18678.jpg
49786,Women,Apparel,Loungewear and Nightwear,Night suits,Black,Summer,2012.0,Casual,Little Miss Intimates Black & White Pyjama Set,dados/fashion-dataset/images/49786.jpg
49993,Men,Apparel,Loungewear and Nightwear,Lounge Shorts,Grey,Summer,2016.0,Casual,Hanes Men Grey Shorts,dados/fashion-dataset/images/49993.jpg
11319,Women,Apparel,Bottomwear,Capris,Blue,Fall,2011.0,Casual,United Colors of Benetton Women Washed Blue Capris,dados/fashion-dataset/images/11319.jpg
24346,Men,Apparel,Bottomwear,Tracksuits,Black,Fall,2011.0,Sports,ADIDAS Men Black Tracksuit,dados/fashion-dataset/images/24346.jpg
10259,Men,Apparel,Bottomwear,Trousers,Black,Fall,2011.0,Formal,John Miller Men Reglur Black Trousers,dados/fashion-dataset/images/10259.jpg
44788,Men,Apparel,Innerwear,Boxers,White,Summer,2016.0,Casual,Calvin Klein Innerwear Men Blue Boxer,dados/fashion-dataset/images/44788.jpg
50338,Women,Apparel,Topwear,Kurtis,Blue,Summer,2012.0,Ethnic,Aurelia Women Blue Kurti,dados/fashion-dataset/images/50338.jpg
19603,Women,Apparel,Topwear,Tshirts,Black,Summer,2011.0,Casual,United Colors of Benetton Women Black T-shirt,dados/fashion-dataset/images/19603.jpg
13516,Women,Apparel,Bottomwear,Skirts,Blue,Fall,2011.0,Casual,Palm Tree Kids Girl Washed Blue Skirts,dados/fashion-dataset/images/13516.jpg
4773,Women,Apparel,Bottomwear,Capris,Blue,Summer,2011.0,Sports,ADIDAS Women 3S Blue Capri,dados/fashion-dataset/images/4773.jpg
50937,Men,Apparel,Innerwear,Innerwear Vests,Grey,Summer,2016.0,Casual,Parx Men Grey Innerwear Vest,dados/fashion-dataset/images/50937.jpg
28521,Women,Apparel,Bottomwear,Capris,Black,Summer,2012.0,Sports,Nike Women Jersey Cuffed Black Capris,dados/fashion-dataset/images/28521.jpg
30505,Women,Apparel,Innerwear,Bra,White,Summer,2015.0,Casual,Lovable Women Momeez White Bra,dados/fashion-dataset/images/30505.jpg
47047,Women,Apparel,Bottomwear,Salwar,Purple,Summer,2012.0,Ethnic,Shree Women & Cream Jodhpuri Salwar,dados/fashion-dataset/images/47047.jpg
27484,Women,Apparel,Innerwear,Briefs,Black,Winter,2015.0,Casual,Jockey Women Black Bikini Briefs,dados/fashion-dataset/images/27484.jpg
18198,Men,Apparel,Bottomwear,Trousers,Blue,Fall,2011.0,Casual,Highlander Men Solid Blue Trouser,dados/fashion-dataset/images/18198.jpg
50626,Men,Apparel,Innerwear,Briefs,Grey,Winter,2016.0,Casual,Chromozome Men Grey Briefs,dados/fashion-dataset/images/50626.jpg
26057,Men,Apparel,Topwear,Shirts,Purple,Summer,2012.0,Formal,John Miller Men Check Purple Shirt,dados/fashion-dataset/images/26057.jpg
6224,Men,Apparel,Topwear,Tshirts,Grey,Summer,2011.0,Casual,Lee Men's Tom Grey Melange T-shirt,dados/fashion-dataset/images/6224.jpg
22998,Men,Apparel,Loungewear and Nightwear,Lounge Pants,Black,Summer,2016.0,Sports,2go Active Gear USA Men Black Brian Lounge Pants,dados/fashion-dataset/images/22998.jpg
13785,Men,Apparel,Bottomwear,Trousers,Black,Fall,2011.0,Formal,Belmonte Men Solid Black Trousers,dados/fashion-dataset/images/13785.jpg
28487,Men,Apparel,Innerwear,Innerwear Vests,Grey,Summer,2016.0,Casual,Urban Yoga Men Printed Grey Innerwear T-shirt,dados/fashion-dataset/images/28487.jpg
59991,Women,Apparel,Dress,Dresses,Multi,Fall,2012.0,Casual,Avirate Multicoloured Dress,dados/fashion-dataset/images/59991.jpg
56238,Men,Apparel,Loungewear and Nightwear,Night suits,Navy Blue,Summer,2016.0,Casual,SDL by Sweet Dreams Men Navy & Grey Lounge Set,dados/fashion-dataset/images/56238.jpg
57339,Women,Apparel,Innerwear,Bra,Green,Winter,2015.0,Casual,Amante Green Demi-Cup Lace Bra BGDC01,dados/fashion-dataset/images/57339.jpg
57041,Women,Apparel,Dress,Dresses,Black,Summer,2012.0,Party,Elle Black Sheath Dress,dados/fashion-dataset/images/57041.jpg
53537,Women,Apparel,Innerwear,Briefs,Multi,Winter,2015.0,Casual,Amante Women Pack of 3 Assorted Briefs PFCP12,dados/fashion-dataset/images/53537.jpg
53531,Women,Apparel,Innerwear,Briefs,Pink,Summer,2017.0,Casual,Amante Women Pink Bikini Briefs PCLR02,dados/fashion-dataset/images/53531.jpg
10751,Men,Apparel,Bottomwear,Track Pants,Grey,Fall,2011.0,Sports,Nike Men Breakline Grey Track Pants,dados/fashion-dataset/images/10751.jpg
34283,Women,Apparel,Topwear,Dupatta,Red,Summer,2012.0,Ethnic,Fabindia Women Red Dupatta,dados/fashion-dataset/images/34283.jpg
20153,Men,Apparel,Topwear,Shirts,Blue,Fall,2011.0,Casual,Wrangler Men Taylor Block Check Blue Shirt,dados/fashion-dataset/images/20153.jpg
57092,Women,Apparel,Bottomwear,Skirts,Off White,Summer,2012.0,Casual,Elle Women Off White Skirt,dados/fashion-dataset/images/57092.jpg
27411,Women,Apparel,Loungewear and Nightwear,Lounge Pants,Maroon,Winter,2015.0,Casual,Jockey Women Maroon Lounge Pants,dados/fashion-dataset/images/27411.jpg
34149,Girls,Apparel,Bottomwear,Skirts,Blue,Summer,2012.0,Casual,Gini and Jony Girls Washed Blue Skirt,dados/fashion-dataset/images/34149.jpg
6779,Men,Apparel,Topwear,Shirts,Olive,Summer,2011.0,Casual,Timberland Men Claremont Popl Olive Shirt,dados/fashion-dataset/images/6779.jpg
33978,Women,Apparel,Bottomwear,Stockings,Black,Fall,2012.0,Casual,Femella Women Black Stockings,dados/fashion-dataset/images/33978.jpg
54982,Women,Apparel,Loungewear and Nightwear,Lounge Pants,Blue,Summer,2017.0,Casual,Femella Women Printed Blue Lounge Pants,dados/fashion-dataset/images/54982.jpg
14939,Men,Apparel,Bottomwear,Shorts,Beige,Fall,2011.0,Casual,Status Quo Men Solid Beige Shorts,dados/fashion-dataset/images/14939.jpg
54057,Women,Apparel,Bottomwear,Leggings,Sea Green,Summer,2012.0,Casual,Myntra Women Sea Green Leggings,dados/fashion-dataset/images/54057.jpg
5014,Women,Apparel,Bottomwear,Capris,Navy Blue,Summer,2016.0,Casual,Levis Kids Girl's Blake Navy Blue Kidswear,dados/fashion-dataset/images/5014.jpg
15035,Women,Apparel,Topwear,Sweaters,Purple,Fall,2011.0,Casual,ADIDAS Women Stripes Purple Sweaters,dados/fashion-dataset/images/15035.jpg
24924,Women,Apparel,Topwear,Tops,Blue,Summer,2012.0,Casual,United Colors of Benetton Women Blue Top,dados/fashion-dataset/images/24924.jpg
10000,Women,Apparel,Bottomwear,Skirts,White,Summer,2011.0,Casual,Palm Tree Girls Sp Jace Sko White Skirts,dados/fashion-dataset/images/10000.jpg
30895,Women,Apparel,Bottomwear,Patiala,White,Summer,2012.0,Ethnic,Fabindia Women Printed White & Red Patiala,dados/fashion-dataset/images/30895.jpg
13335,Women,Apparel,Topwear,Tops,Pink,Fall,2011.0,Casual,Gini and Jony Kids Girls Printed Pink Tops,dados/fashion-dataset/images/13335.jpg
37927,Women,Apparel,Topwear,Tunics,Pink,Summer,2012.0,Casual,Mineral Women Pink Tunic,dados/fashion-dataset/images/37927.jpg
49976,Men,Apparel,Innerwear,Innerwear Vests,Red,Summer,2016.0,Casual,Hanes Men Red Innerwear Vest,dados/fashion-dataset/images/49976.jpg
36254,Men,Apparel,Loungewear and Nightwear,Night suits,Navy Blue,Summer,2016.0,Casual,SDL by Sweet Dreams Men Navy Blue & White Pyjama Set,dados/fashion-dataset/images/36254.jpg
34298,Women,Apparel,Topwear,Dupatta,Khaki,Summer,2012.0,Ethnic,Fabindia Women Khaki Tussar Dupatta,dados/fashion-dataset/images/34298.jpg
49977,Men,Apparel,Innerwear,Innerwear Vests,Red,Summer,2016.0,Casual,Hanes Men Red Innerwear Vest,dados/fashion-dataset/images/49977.jpg
7887,Men,Apparel,Bottomwear,Track Pants,Blue,Fall,2011.0,Casual,Proline Men Blue Track Pants,dados/fashion-dataset/images/7887.jpg
39725,Women,Apparel,Bottomwear,Skirts,Charcoal,Summer,2012.0,Formal,Arrow Woman Charcoal Skirt,dados/fashion-dataset/images/39725.jpg
25782,Men,Apparel,Topwear,Suspenders,Black,Summer,2012.0,Formal,Arrow Men Black & White Suspenders,dados/fashion-dataset/images/25782.jpg
31474,Men,Apparel,Bottomwear,Trousers,Brown,Fall,2012.0,Casual,Black Coffee  Brown Formal Trousers,dados/fashion-dataset/images/31474.jpg
13106,Men,Apparel,Topwear,Sweatshirts,Blue,Fall,2011.0,Casual,ADIDAS Men Sf Striped Hood Blue Sweatshirts,dados/fashion-dataset/images/13106.jpg
30535,Women,Apparel,Innerwear,Bra,Skin,Summer,2014.0,Casual,Lovable Skin Coloured Bra CES 421,dados/fashion-dataset/images/30535.jpg
56243,Men,Apparel,Loungewear and Nightwear,Night suits,White,Summer,2016.0,Casual,SDL by Sweet Dreams Men White & Black Pyjama Set,dados/fashion-dataset/images/56243.jpg
9947,Men,Apparel,Topwear,Jackets,Blue,Fall,2011.0,Sports,ADIDAS Men Torment Blue Jackets,dados/fashion-dataset/images/9947.jpg
21622,Women,Apparel,Innerwear,Bra,Pink,Summer,2014.0,Casual,Enamor Women Pink Bra,dados/fashion-dataset/images/21622.jpg
21587,Men,Apparel,Bottomwear,Jeans,Blue,Fall,2011.0,Casual,Spykar Men Washed Blue Jeans,dados/fashion-dataset/images/21587.jpg
28107,Men,Apparel,Innerwear,Trunk,Grey Melange,Summer,2016.0,Casual,Jockey MODERN CLASSIC Men Grey Melange Trunks 8009,dados/fashion-dataset/images/28107.jpg
25776,Men,Apparel,Topwear,Suspenders,Black,Summer,2012.0,Formal,Lino Perros Men Black Suspenders,dados/fashion-dataset/images/25776.jpg
52479,Women,Apparel,Loungewear and Nightwear,Baby Dolls,White,Winter,2015.0,Casual,Red Rose White Nightdress,dados/fashion-dataset/images/52479.jpg
52124,Girls,Apparel,Dress,Dresses,Orange,Summer,2012.0,Casual,Doodle Girls Orange Printed Dress,dados/fashion-dataset/images/52124.jpg
49995,Women,Apparel,Innerwear,Camisoles,Beige,Winter,2015.0,Casual,Hanes Women Beige Camisole,dados/fashion-dataset/images/49995.jpg
28070,Men,Apparel,Innerwear,Trunk,Red,Summer,2016.0,Casual,Jockey ELANCE Mens Red Trunks 1015,dados/fashion-dataset/images/28070.jpg
9175,Men,Apparel,Bottomwear,Jeans,Blue,Fall,2011.0,Casual,Locomotive Men Banks Blue Jeans,dados/fashion-dataset/images/9175.jpg
42104,Men,Apparel,Bottomwear,Shorts,Navy Blue,Spring,2013.0,Casual,ADIDAS Men Navy Blue Shorts,dados/fashion-dataset/images/42104.jpg
52993,Women,Apparel,Saree,Sarees,Blue,Fall,2012.0,Ethnic,FNF Blue Printed Sari,dados/fashion-dataset/images/52993.jpg
59714,Women,Apparel,Loungewear and Nightwear,Nightdress,Blue,Summer,2012.0,Casual,Avirate Blue Babydoll Nightdress,dados/fashion-dataset/images/59714.jpg
15482,Women,Apparel,Bottomwear,Capris,Black,Fall,2011.0,Casual,Puma Women TP Cuffed Black Capris,dados/fashion-dataset/images/15482.jpg
21589,Women,Apparel,Bottomwear,Swimwear,Black,Summer,2011.0,Sports,Nabaiji Women Solid Black Swimsuit,dados/fashion-dataset/images/21589.jpg
55821,Women,Apparel,Loungewear and Nightwear,Night suits,Grey Melange,Summer,2017.0,Casual,SDL by Sweet Dreams Women Grey & Black Printed Night Suit S11-3231,dados/fashion-dataset/images/55821.jpg
36253,Men,Apparel,Loungewear and Nightwear,Night suits,Navy Blue,Summer,2016.0,Casual,SDL by Sweet Dreams Men Navy Blue Pyjama Set,dados/fashion-dataset/images/36253.jpg
11755,Women,Apparel,Topwear,Tops,White,Summer,2011.0,Casual,Lee Women Solid White Shirts,dados/fashion-dataset/images/11755.jpg
12674,Men,Apparel,Bottomwear,Trousers,Olive,Fall,2011.0,Casual,Probase Men Solid Olive Cargos,dados/fashion-dataset/images/12674.jpg
47519,Men,Apparel,Innerwear,Briefs,Brown,Summer,2016.0,Casual,Facit Men Brown Breif,dados/fashion-dataset/images/47519.jpg
37513,Boys,Apparel,Socks,Booties,White,Summer,2012.0,Casual,Madagascar 3 Infant Boys White Booties,dados/fashion-dataset/images/37513.jpg
15611,Men,Apparel,Bottomwear,Track Pants,Navy Blue,Fall,2011.0,Casual,Nike Men Casual Navy Blue Track Pants,dados/fashion-dataset/images/15611.jpg
34903,Women,Apparel,Topwear,Dupatta,Brown,Summer,2012.0,Ethnic,Fabindia Printed Brown Dupatta,dados/fashion-dataset/images/34903.jpg
28991,Women,Apparel,Apparel Set,Kurta Sets,Off White,Summer,2012.0,Ethnic,Biba Outlet Women Off-White Printed A-Line Churidar Kurta with Dupatta,dados/fashion-dataset/images/28991.jpg
17714,Men,Apparel,Topwear,Shirts,Red,Fall,2011.0,Casual,Reid & Taylor Men Check Red Shirt,dados/fashion-dataset/images/17714.jpg
15762,Men,Apparel,Innerwear,Innerwear Vests,Olive,Summer,2016.0,Casual,Facit Men Smart Olive Innerwear Vest,dados/fashion-dataset/images/15762.jpg
18181,Boys,Apparel,Bottomwear,Jeans,Blue,Fall,2011.0,Casual,Doodle Boys-Boys Washed Blue Jeans,dados/fashion-dataset/images/18181.jpg
20203,Men,Apparel,Topwear,Sweatshirts,Black,Fall,2011.0,Casual,Wrangler Men Flock Print Black Sweatshirt,dados/fashion-dataset/images/20203.jpg
5586,Girls,Apparel,Bottomwear,Skirts,Brown,Summer,2011.0,Casual,Ant Kids Girl's Tiger Print Kidswear,dados/fashion-dataset/images/5586.jpg
23069,Men,Apparel,Topwear,Sweaters,Black,Fall,2011.0,Casual,Arrow Sport Men Black Check Sweater,dados/fashion-dataset/images/23069.jpg
27868,Women,Apparel,Topwear,Shirts,White,Fall,2012.0,Smart Casual,Scullers For Her Women White Striped Shirt,dados/fashion-dataset/images/27868.jpg
37207,Women,Apparel,Bottomwear,Jeggings,Navy Blue,Summer,2012.0,Casual,United Colors of Benetton Women Navy Blue Jeggings,dados/fashion-dataset/images/37207.jpg
20223,Women,Apparel,Topwear,Sweaters,Navy Blue,Fall,2011.0,Casual,Wrangler Women Scoop Navy Blue Sleeveless Sweater,dados/fashion-dataset/images/20223.jpg
39118,Women,Apparel,Bottomwear,Leggings,Black,Fall,2012.0,Casual,Aneri Women Black Leggings,dados/fashion-dataset/images/39118.jpg
18199,Women,Apparel,Topwear,Sweaters,Purple,Fall,2011.0,Casual,Jealous 21 Women Stripes Purple Sweater,dados/fashion-dataset/images/18199.jpg
52134,Women,Apparel,Bottomwear,Stockings,Black,Fall,2012.0,Casual,Femella Women Black Stockings,dados/fashion-dataset/images/52134.jpg
57099,Women,Apparel,Bottomwear,Capris,Purple,Summer,2012.0,Casual,Elle Women Purple Capris,dados/fashion-dataset/images/57099.jpg
24561,Men,Apparel,Topwear,Shirts,Blue,Summer,2012.0,Casual,Lee Men Smithon Blue Shirt,dados/fashion-dataset/images/24561.jpg
36280,Women,Apparel,Loungewear and Nightwear,Night suits,Blue,Summer,2017.0,Casual,SDL by Sweet Dreams Women Blue Night suits,dados/fashion-dataset/images/36280.jpg
15318,Men,Apparel,Topwear,Sweatshirts,White,Fall,2011.0,Casual,Nike Men Printed White Sweatshirts,dados/fashion-dataset/images/15318.jpg
12159,Women,Apparel,Bottomwear,Leggings,Red,Fall,2011.0,Ethnic,Aurelia Women Solid Red Leggings,dados/fashion-dataset/images/12159.jpg
47071,Women,Apparel,Bottomwear,Patiala,Rust,Summer,2010.0,Ethnic,Shree Women Rust & Red Patiala,dados/fashion-dataset/images/47071.jpg
46265,Women,Apparel,Topwear,Tunics,Cream,Summer,2012.0,Casual,109F Women Cream-Coloured Printed Tunic,dados/fashion-dataset/images/46265.jpg
35895,Boys,Apparel,Apparel Set,Clothing Set,Blue,Summer,2012.0,Casual,Jungle Book Boys Baby Blue Clothing Set,dados/fashion-dataset/images/35895.jpg
42583,Boys,Apparel,Topwear,Waistcoat,Navy Blue,Summer,2012.0,Casual,United Colors of Benetton Boys Navy Blue Waistcoat,dados/fashion-dataset/images/42583.jpg
32561,Women,Apparel,Bottomwear,Jeans,Peach,Summer,2012.0,Casual,ONLY Women Peach Jeans,dados/fashion-dataset/images/32561.jpg
20205,Men,Apparel,Topwear,Sweatshirts,Grey,Fall,2011.0,Casual,Wrangler Men Flock Print Grey Sweatshirt,dados/fashion-dataset/images/20205.jpg
42428,Women,Apparel,Topwear,Kurtas,Brown,Summer,2012.0,Ethnic,Aurelia Women Brown & Orange Kurta,dados/fashion-dataset/images/42428.jpg
19959,Men,Apparel,Topwear,Sweaters,Purple,Fall,2011.0,Casual,United Colors of Benetton Men Purple Sweater,dados/fashion-dataset/images/19959.jpg
28878,Women,Apparel,Bottomwear,Leggings,Lavender,Summer,2012.0,Casual,BIBA OUTLET Women Lavender Leggings,dados/fashion-dataset/images/28878.jpg
52340,Women,Apparel,Loungewear and Nightwear,Nightdress,Blue,Winter,2015.0,Casual,Red Rose Women Blue Nightdress,dados/fashion-dataset/images/52340.jpg
37580,Girls,Apparel,Bottomwear,Shorts,Pink,Winter,2012.0,Casual,Madagascar 3 Girls Pink Shorts,dados/fashion-dataset/images/37580.jpg
16911,Men,Apparel,Topwear,Sweatshirts,White,Fall,2011.0,Casual,Mr. Men Men Printed White Sweatshirt,dados/fashion-dataset/images/16911.jpg
28015,Men,Apparel,Innerwear,Trunk,Red,Winter,2016.0,Casual,Jockey ZONE STRETCH Men Zone Stretch Red Trunks US20,dados/fashion-dataset/images/28015.jpg
7266,Men,Apparel,Bottomwear,Track Pants,Cream,Summer,2011.0,Casual,Timberland Men's Twill 5 Oats Beige Pant,dados/fashion-dataset/images/7266.jpg
31099,Boys,Apparel,Topwear,Shirts,Blue,Summer,2012.0,Casual,Gini and Jony Boys Check Blue Shirt,dados/fashion-dataset/images/31099.jpg
21151,Men,Apparel,Topwear,Sweaters,Blue,Fall,2011.0,Casual,S.Oliver Men Blue Sweater,dados/fashion-dataset/images/21151.jpg
34060,Boys,Apparel,Bottomwear,Shorts,Grey,Summer,2012.0,Casual,Gini and Jony Boys Grey Shorts,dados/fashion-dataset/images/34060.jpg
29852,Men,Apparel,Bottomwear,Trousers,Brown,Summer,2012.0,Formal,Basics Men Dark Brown Trousers,dados/fashion-dataset/images/29852.jpg
16376,Men,Apparel,Bottomwear,Trousers,Black,Fall,2011.0,Formal,Peter England Men Stripes Black Trouser,dados/fashion-dataset/images/16376.jpg
58220,Women,Apparel,Bottomwear,Patiala,Multi,Summer,2012.0,Ethnic,Shree Women Multi Coloured Patiala,dados/fashion-dataset/images/58220.jpg
37533,Boys,Apparel,Innerwear,Innerwear Vests,Yellow,Summer,2012.0,Casual,Madagascar3 Boys Yellow Innerwear Vest,dados/fashion-dataset/images/37533.jpg
32637,Women,Apparel,Bottomwear,Capris,Blue,Summer,2012.0,Sports,Nike Women Legend Tight Blue Capris,dados/fashion-dataset/images/32637.jpg
43615,Women,Apparel,Topwear,Tunics,White,Summer,2012.0,Casual,Vero Moda Women White Tunic,dados/fashion-dataset/images/43615.jpg
34493,Women,Apparel,Bottomwear,Skirts,Grey,Summer,2012.0,Formal,Van Heusen Woman Grey Skirt,dados/fashion-dataset/images/34493.jpg
59732,Women,Apparel,Innerwear,Shapewear,Black,Summer,2012.0,Casual,Avirate Black Wired Corset Shapewear,dados/fashion-dataset/images/59732.jpg
21909,Women,Apparel,Apparel Set,Kurta Sets,Blue,Fall,2011.0,Ethnic,Biba Women Blue Printed Churidar Kurta with Dupatta,dados/fashion-dataset/images/21909.jpg
56255,Men,Apparel,Loungewear and Nightwear,Night suits,Black,Summer,2016.0,Casual,SDL by Sweet Dreams Men Black & Grey Pyjama Set,dados/fashion-dataset/images/56255.jpg
59084,Women,Apparel,Innerwear,Bra,White,Summer,2017.0,Casual,Peri Peri Women White Bra,dados/fashion-dataset/images/59084.jpg
27625,Men,Apparel,Bottomwear,Shorts,Grey,Summer,2012.0,Casual,Scullers Men Grey Shorts,dados/fashion-dataset/images/27625.jpg
11368,Women,Apparel,Topwear,Jackets,Black,Fall,2011.0,Casual,United Colors Of Benetton Women Light Winter Black Jackets,dados/fashion-dataset/images/11368.jpg
42969,Women,Apparel,Bottomwear,Swimwear,Brown,Summer,2018.0,Casual,Amante Brown & Green Swimsuit WCSD03,dados/fashion-dataset/images/42969.jpg
31643,Men,Apparel,Topwear,Shirts,Purple,Summer,2012.0,Casual,Indigo Nation Men Purple Shirt,dados/fashion-dataset/images/31643.jpg
59978,Women,Apparel,Dress,Dresses,Brown,Fall,2012.0,Casual,Avirate Brown & Grey Check Dress,dados/fashion-dataset/images/59978.jpg
38848,Women,Apparel,Topwear,Tops,Grey,Summer,2012.0,Casual,Latin Quarters Women Grey Top,dados/fashion-dataset/images/38848.jpg
30728,Girls,Apparel,Bottomwear,Salwar,Orange,Summer,2012.0,Ethnic,Fabindia Girls Orange Mangalgiri Salwar,dados/fashion-dataset/images/30728.jpg
30726,Girls,Apparel,Topwear,Lehenga Choli,Blue,Summer,2012.0,Ethnic,Fabindia Girls Printed Blue Lehenga Choli,dados/fashion-dataset/images/30726.jpg
49655,Women,Apparel,Bottomwear,Skirts,Pink,Summer,2012.0,Casual,Mineral Pink & Green Skirt,dados/fashion-dataset/images/49655.jpg
21385,Men,Apparel,Bottomwear,Track Pants,Navy Blue,Fall,2011.0,Casual,Manchester United Men Solid Navy Blue Track Pants,dados/fashion-dataset/images/21385.jpg
31122,Girls,Apparel,Topwear,Tops,White,Summer,2012.0,Casual,Gini and Jony Girls Printed White Top,dados/fashion-dataset/images/31122.jpg
50569,Men,Apparel,Innerwear,Trunk,Brown,Summer,2016.0,Casual,Chromozome Men Pack of Two Brown Trunks,dados/fashion-dataset/images/50569.jpg
2114,Women,Apparel,Bottomwear,Track Pants,Black,Fall,2010.0,Sports,ADIDAS Women Essential Black Candy Pants,dados/fashion-dataset/images/2114.jpg
49948,Men,Apparel,Loungewear and Nightwear,Lounge Shorts,Black,Summer,2016.0,Casual,Hanes Men Black Shorts,dados/fashion-dataset/images/49948.jpg
20918,Men,Apparel,Bottomwear,Jeans,Blue,Fall,2011.0,Casual,Deni Yo Men Washed Blue Jeans,dados/fashion-dataset/images/20918.jpg
11275,Men,Apparel,Bottomwear,Track Pants,Black,Fall,2011.0,Sports,Nike Men Crickt Black Track Pants,dados/fashion-dataset/images/11275.jpg
30959,Women,Apparel,Topwear,Tunics,Green,Summer,2012.0,Ethnic,Fabindia Women Printed Green Kalamkari Tunic,dados/fashion-dataset/images/30959.jpg
19857,Men,Apparel,Topwear,Jackets,Navy Blue,Fall,2011.0,Casual,U.S. Polo Assn. Men Reversible Navy Blue Jacket,dados/fashion-dataset/images/19857.jpg
27970,Men,Apparel,Innerwear,Innerwear Vests,Black,Summer,2016.0,Casual,Jockey Men Black Innerwear Vest,dados/fashion-dataset/images/27970.jpg
50865,Women,Apparel,Saree,Sarees,Green,Fall,2012.0,Ethnic,Prafful Green & Purple Crepe Printed Sari,dados/fashion-dataset/images/50865.jpg
12851,Women,Apparel,Topwear,Tops,Black,Fall,2011.0,Casual,Ant Kids Crystal Button Black Tops,dados/fashion-dataset/images/12851.jpg
14092,Women,Apparel,Topwear,Sweaters,Green,Fall,2011.0,Casual,Flying Machine Women Stripes Green Sweaters,dados/fashion-dataset/images/14092.jpg
36264,Women,Apparel,Loungewear and Nightwear,Night suits,Pink,Summer,2017.0,Casual,SDL by Sweet Dreams Women Pink Playsuit,dados/fashion-dataset/images/36264.jpg
47679,Men,Apparel,Innerwear,Boxers,Blue,Summer,2016.0,Casual,Probase Blue Printed Boxers,dados/fashion-dataset/images/47679.jpg
52044,Unisex,Apparel,Topwear,Rain Jacket,Black,Summer,2012.0,,Just Natural Unisex Black and Olive Reversible Rain Jacket,dados/fashion-dataset/images/52044.jpg
42511,Women,Apparel,Topwear,Kurtis,Red,Summer,2012.0,Ethnic,Mother Earth Women Red Kurti,dados/fashion-dataset/images/42511.jpg
38998,Girls,Apparel,Dress,Dresses,Pink,Summer,2012.0,Casual,Gini and Jony Girls Summer Paradise Pink Dress,dados/fashion-dataset/images/38998.jpg
34265,Women,Apparel,Topwear,Dupatta,Cream,Summer,2012.0,Ethnic,Fabindia Women Cream Chanderi Dupatta,dados/fashion-dataset/images/34265.jpg
56257,Men,Apparel,Loungewear and Nightwear,Night suits,Black,Summer,2016.0,Casual,SDL by Sweet Dreams Men Black & Grey Pyjama Set,dados/fashion-dataset/images/56257.jpg
23307,Women,Apparel,Topwear,Tunics,Green,Fall,2011.0,Casual,W Women Green Printed Tunic,dados/fashion-dataset/images/23307.jpg
26988,Women,Apparel,Bottomwear,Jeggings,Blue,Fall,2012.0,Casual,Jealous 21 Women Blue Jeggings,dados/fashion-dataset/images/26988.jpg
51430,Men,Apparel,Topwear,Shirts,White,Summer,2012.0,Casual,Myntra Men Navy Blue & Orange Check Shirt,dados/fashion-dataset/images/51430.jpg
59088,Women,Apparel,Innerwear,Bra,Purple,Summer,2017.0,Casual,Peri Peri Women Purple Bra,dados/fashion-dataset/images/59088.jpg
7179,Women,Apparel,Bottomwear,Jeans,Blue,Fall,2011.0,Casual,Jealous 21 Women Blue Jegging,dados/fashion-dataset/images/7179.jpg
34901,Women,Apparel,Topwear,Dupatta,Olive,Summer,2012.0,Ethnic,Fabindia Olive Green Hand Printed Kota Dupatta,dados/fashion-dataset/images/34901.jpg
52446,Women,Apparel,Loungewear and Nightwear,Nightdress,Red,Winter,2015.0,Casual,Red Rose Red & Black Nightdress,dados/fashion-dataset/images/52446.jpg
52355,Women,Apparel,Loungewear and Nightwear,Nightdress,Peach,Winter,2015.0,Casual,Red Rose Women Peach Nightdress,dados/fashion-dataset/images/52355.jpg
25898,Women,Apparel,Bottomwear,Leggings,Brown,Summer,2012.0,Casual,Femella Women Dark Brown Skinny Leggings,dados/fashion-dataset/images/25898.jpg
52493,Women,Apparel,Innerwear,Camisoles,White,Winter,2015.0,Casual,Red Rose White Camisole,dados/fashion-dataset/images/52493.jpg
39467,Women,Apparel,Topwear,Kurtis,White,Summer,2012.0,Ethnic,Diva Women White Printed Kurti,dados/fashion-dataset/images/39467.jpg
35893,Boys,Apparel,Topwear,Tshirts,White,Summer,2012.0,Casual,Jungle Book Boys Safari White T-shirt,dados/fashion-dataset/images/35893.jpg
42251,Men,Apparel,Bottomwear,Trousers,Grey,Summer,2012.0,Casual,John Players Men Grey Trousers,dados/fashion-dataset/images/42251.jpg
17150,Men,Apparel,Topwear,Jackets,Red,Winter,2016.0,Casual,U.S. Polo Assn. Men Solid Red Jacket,dados/fashion-dataset/images/17150.jpg
28630,Men,Apparel,Bottomwear,Track Pants,Grey,Summer,2012.0,Sports,Nike Men Pintuck Grey Track Pants,dados/fashion-dataset/images/28630.jpg
49636,Women,Apparel,Bottomwear,Skirts,Blue,Summer,2012.0,Casual,Mineral Blue & White Skirt,dados/fashion-dataset/images/49636.jpg
28075,Men,Apparel,Innerwear,Trunk,Blue,Summer,2016.0,Casual,Jockey MC Men Blue Midway Classic Trunks 1101,dados/fashion-dataset/images/28075.jpg
27409,Women,Apparel,Loungewear and Nightwear,Lounge Shorts,Navy Blue,Winter,2015.0,Casual,Jockey Women Navy Blue Capris,dados/fashion-dataset/images/27409.jpg
52374,Women,Apparel,Loungewear and Nightwear,Nightdress,Blue,Winter,2015.0,Casual,Red Rose Women Blue Nightdress,dados/fashion-dataset/images/52374.jpg
41762,Women,Apparel,Topwear,Tops,Multi,Summer,2012.0,Casual,Remanika Women Multi Coloured Top,dados/fashion-dataset/images/41762.jpg
56262,Men,Apparel,Loungewear and Nightwear,Night suits,Maroon,Summer,2016.0,Casual,SDL by Sweet Dreams Men Maroon Pyjama Set,dados/fashion-dataset/images/56262.jpg
5768,Women,Apparel,Bottomwear,Jeans,Blue,Summer,2011.0,Casual,Jealous 21 Women Dark Blue Jeggning,dados/fashion-dataset/images/5768.jpg
12806,Men,Apparel,Topwear,Sweatshirts,Grey,Fall,2011.0,Sports,Nike Men Zip Grey Sweatshirts,dados/fashion-dataset/images/12806.jpg
49635,Women,Apparel,Bottomwear,Skirts,Pink,Summer,2010.0,Casual,Mineral Women Pink Skirt,dados/fashion-dataset/images/49635.jpg
57178,Women,Apparel,Topwear,Tunics,Blue,Summer,2012.0,Casual,Elle Women Blue Tunic,dados/fashion-dataset/images/57178.jpg
25394,Men,Apparel,Innerwear,Innerwear Vests,White,Summer,2016.0,Casual,Levis Men White Innerwear T-shirt,dados/fashion-dataset/images/25394.jpg
50945,Women,Apparel,Bottomwear,Jeans,Blue,Summer,2013.0,Casual,Lee Womens Blue Maxi Fit Jeans,dados/fashion-dataset/images/50945.jpg
15335,Men,Apparel,Bottomwear,Shorts,Navy Blue,Summer,2012.0,Sports,Nike Men Solid Navy Blue Shorts,dados/fashion-dataset/images/15335.jpg
16800,Men,Apparel,Bottomwear,Trousers,Black,Fall,2011.0,Casual,Highlander Men Solid Black Trouser,dados/fashion-dataset/images/16800.jpg
51776,Women,Apparel,Innerwear,Briefs,White,Summer,2016.0,Casual,Bwitch Women White Brief,dados/fashion-dataset/images/51776.jpg
19104,Women,Apparel,Topwear,Kurtas,Beige,Fall,2011.0,Ethnic,Mother Earth Women Printed Beige Kurta,dados/fashion-dataset/images/19104.jpg
50190,Women,Apparel,Innerwear,Camisoles,White,Winter,2015.0,Casual,Hanes Women White Camisole,dados/fashion-dataset/images/50190.jpg
26256,Men,Apparel,Bottomwear,Track Pants,Grey,Summer,2012.0,Sports,Proline Men Grey Track Pants,dados/fashion-dataset/images/26256.jpg
16198,Men,Apparel,Bottomwear,Tracksuits,Black,Fall,2011.0,Sports,Puma Men Poly Knitted Black Tracksuit,dados/fashion-dataset/images/16198.jpg
47151,Girls,Apparel,Bottomwear,Capris,Black,Summer,2012.0,Casual,Gini and Jony Kids Girls Black Capris,dados/fashion-dataset/images/47151.jpg
19789,Men,Apparel,Topwear,Tshirts,Orange,Winter,2016.0,Casual,U.S. Polo Assn. Men Solid Orange Tshirt,dados/fashion-dataset/images/19789.jpg
28973,Women,Apparel,Apparel Set,Kurta Sets,Yellow,Summer,2012.0,Ethnic,Biba Women Yellow & White Printed Churidar Kurta with Dupatta,dados/fashion-dataset/images/28973.jpg
16434,Men,Apparel,Topwear,Tshirts,Purple,Fall,2011.0,Casual,Levi's Men Printed Purple Tshirts,dados/fashion-dataset/images/16434.jpg
7510,Women,Apparel,Bottomwear,Capris,Black,Summer,2011.0,Sports,Nike Women As Be Strong Black Capri,dados/fashion-dataset/images/7510.jpg
41320,Women,Apparel,Bottomwear,Leggings,Rust,Summer,2012.0,Casual,Aurelia Women Rust Leggings,dados/fashion-dataset/images/41320.jpg
12788,Women,Apparel,Topwear,Kurtis,Pink,Fall,2011.0,Ethnic,Mother Earth Women Renu Pink Kurtis,dados/fashion-dataset/images/12788.jpg
57899,Women,Apparel,Bottomwear,Leggings,Black,Fall,2012.0,Casual,Femella Women Black Leggings,dados/fashion-dataset/images/57899.jpg
25767,Men,Apparel,Topwear,Suspenders,Black,Summer,2012.0,Formal,Lino Perros Men Black Suspenders,dados/fashion-dataset/images/25767.jpg
52383,Women,Apparel,Loungewear and Nightwear,Nightdress,White,Winter,2015.0,Casual,Red Rose Women White Maxi Nightdress,dados/fashion-dataset/images/52383.jpg
59130,Men,Apparel,Topwear,Jackets,Black,Summer,2012.0,Casual,Just Natural Men Black Jacket,dados/fashion-dataset/images/59130.jpg
43304,Women,Apparel,Topwear,Shirts,White,Summer,2012.0,Casual,United Colors of Benetton Women White Shirt,dados/fashion-dataset/images/43304.jpg
7889,Men,Apparel,Bottomwear,Track Pants,Grey,Fall,2011.0,Casual,Proline Men Grey Track Pants,dados/fashion-dataset/images/7889.jpg
28976,Women,Apparel,Apparel Set,Kurta Sets,Yellow,Summer,2012.0,Ethnic,Biba Women Yellow Churidar Kurta with Dupatta,dados/fashion-dataset/images/28976.jpg
50948,Women,Apparel,Bottomwear,Jeans,Black,Winter,2011.0,Casual,Lee Women Black Jeans,dados/fashion-dataset/images/50948.jpg
18311,Men,Apparel,Topwear,Sweaters,Green,Summer,2011.0,Casual,Wills Lifestyle Men Striped Green Sweater,dados/fashion-dataset/images/18311.jpg
55803,Women,Apparel,Loungewear and Nightwear,Night suits,Purple,Summer,2017.0,Casual,SDL by Sweet Dreams Women Purple Printed Night Suit S11-3127,dados/fashion-dataset/images/55803.jpg
36252,Men,Apparel,Loungewear and Nightwear,Night suits,Black,Summer,2016.0,Casual,SDL by Sweet Dreams Men Black & Red Pyjama Set,dados/fashion-dataset/images/36252.jpg
18185,Men,Apparel,Bottomwear,Jeans,Blue,Fall,2011.0,Casual,Deni Yo Men Washed Blue Slim Fit Jeans,dados/fashion-dataset/images/18185.jpg
22063,Women,Apparel,Topwear,Kurtas,White,Fall,2011.0,Ethnic,Vishudh Women Printed White and Navy Blue Kurta,dados/fashion-dataset/images/22063.jpg
40409,Women,Apparel,Topwear,Tops,Black,Summer,2012.0,Casual,Tonga Women Black & Cream-Coloured Striped Top,dados/fashion-dataset/images/40409.jpg
53555,Men,Apparel,Innerwear,Boxers,Multi,Summer,2016.0,Casual,Probase Multicoloured Printed Boxers,dados/fashion-dataset/images/53555.jpg
57148,Women,Apparel,Innerwear,Camisoles,Black,Summer,2017.0,Casual,Elle Women Black Camisole,dados/fashion-dataset/images/57148.jpg
51612,Women,Apparel,Bottomwear,Leggings,Grey,Summer,2012.0,Casual,Kraus Jeans Women Grey leggings,dados/fashion-dataset/images/51612.jpg
20670,Men,Apparel,Topwear,Tshirts,Turquoise Blue,Fall,2011.0,Casual,Classic Polo Men Striped Turquoise Blue Tshirt,dados/fashion-dataset/images/20670.jpg
8763,Women,Apparel,Bottomwear,Track Pants,Grey,Fall,2011.0,Sports,Puma Women's Jersey Grey Track Pant,dados/fashion-dataset/images/8763.jpg
52442,Women,Apparel,Loungewear and Nightwear,Nightdress,Red,Winter,2015.0,Casual,Red Rose Red Nightdress,dados/fashion-dataset/images/52442.jpg
28009,Men,Apparel,Innerwear,Trunk,Navy Blue,Summer,2016.0,Casual,Jockey ZONE Men Navy Blue Modern Trunks US19,dados/fashion-dataset/images/28009.jpg
14000,Men,Apparel,Topwear,Jackets,Blue,Fall,2011.0,Sports,Nike Men Printed Blue Jackets,dados/fashion-dataset/images/14000.jpg
16442,Men,Apparel,Topwear,Sweatshirts,Black,Fall,2011.0,Casual,Levis Men Printed Black Sweatshirts,dados/fashion-dataset/images/16442.jpg
39140,Women,Apparel,Apparel Set,Kurta Sets,Black,Summer,2012.0,Ethnic,Aneri Women Black & Maroon Salwar Suit,dados/fashion-dataset/images/39140.jpg
38976,Women,Apparel,Bottomwear,Tights,Black,Summer,2012.0,Casual,Latin Quarters Black Tights,dados/fashion-dataset/images/38976.jpg
56288,Women,Apparel,Innerwear,Bra,Black,Winter,2015.0,Casual,Biara Women Black Bra,dados/fashion-dataset/images/56288.jpg
32577,Women,Apparel,Dress,Dresses,Grey,Summer,2012.0,Casual,ONLY Women Toronto Grey Printed Dress,dados/fashion-dataset/images/32577.jpg
25364,Men,Apparel,Innerwear,Trunk,Black,Summer,2016.0,Casual,Levis Men Black & White Trunks,dados/fashion-dataset/images/25364.jpg
46412,Men,Apparel,Topwear,Jackets,White,Summer,2012.0,Sports,ADIDAS Men White & Blue Jacket,dados/fashion-dataset/images/46412.jpg
14111,Men,Apparel,Topwear,Sweatshirts,Navy Blue,Fall,2011.0,Casual,Flying Machine Men Printed Navy Blue Sweatshirts,dados/fashion-dataset/images/14111.jpg
18681,Men,Apparel,Innerwear,Trunk,Black,Summer,2016.0,Casual,Hanes Men Black Retro Boxer Trunks,dados/fashion-dataset/images/18681.jpg
18695,Men,Apparel,Innerwear,Trunk,White,Summer,2016.0,Casual,Hanes Men White Modern Duo Dry Cotton Stretch Trunks,dados/fashion-dataset/images/18695.jpg
56244,Men,Apparel,Loungewear and Nightwear,Night suits,Navy Blue,Summer,2016.0,Casual,SDL by Sweet Dreams Men Navy Blue Pyjama Set,dados/fashion-dataset/images/56244.jpg
9946,Men,Apparel,Topwear,Sweaters,Black,Fall,2011.0,Sports,ADIDAS Men Frnt Str Black Sweaters,dados/fashion-dataset/images/9946.jpg
52235,Men,Apparel,Bottomwear,Jeans,Blue,Summer,2012.0,Casual,Pepe Jeans Men Dark Blue Jeans,dados/fashion-dataset/images/52235.jpg
16005,Men,Apparel,Topwear,Sweaters,Grey,Fall,2011.0,Casual,Turtle Stripes Men Grey Sweaters,dados/fashion-dataset/images/16005.jpg
2188,Women,Apparel,Apparel Set,Swimwear,Black,Summer,2016.0,Sports,ADIDAS Women Stripe Black Swimming Cap,dados/fashion-dataset/images/2188.jpg
22762,Women,Apparel,Topwear,Kurtis,Navy Blue,Fall,2011.0,Ethnic,BIBA OUTLET Women Printed Navy Blue Kurti,dados/fashion-dataset/images/22762.jpg
19534,Men,Apparel,Topwear,Sweaters,Blue,Summer,2011.0,Casual,United Colors of Benetton Men Solid Blue Sweater,dados/fashion-dataset/images/19534.jpg
37941,Women,Apparel,Topwear,Tunics,Green,Summer,2012.0,Casual,Mineral Women Floral Green Tunic,dados/fashion-dataset/images/37941.jpg
56286,Women,Apparel,Innerwear,Bra,Skin,Summer,2017.0,Casual,Biara Women Skin  Bra,dados/fashion-dataset/images/56286.jpg
32649,Men,Apparel,Bottomwear,Shorts,Black,Summer,2012.0,Sports,Nike Men Black Shorts,dados/fashion-dataset/images/32649.jpg
37150,Men,Apparel,Topwear,Tshirts,Grey,Summer,2016.0,Casual,Campbell Men Pack of 3 T-shirt,dados/fashion-dataset/images/37150.jpg
53332,Men,Apparel,Innerwear,Boxers,Multi,Summer,2016.0,Casual,Smugglerz Men Multi coloured Check Boxers,dados/fashion-dataset/images/53332.jpg
51802,Women,Apparel,Loungewear and Nightwear,Nightdress,Navy Blue,Summer,2016.0,Casual,Bwitch  Navy Blue  Nightdress,dados/fashion-dataset/images/51802.jpg
54992,Women,Apparel,Topwear,Shrug,Beige,Summer,2012.0,Casual,Femella Women Black & Beige Shrug,dados/fashion-dataset/images/54992.jpg
34916,Women,Apparel,Topwear,Dupatta,Black,Summer,2012.0,Ethnic,Fabindia Black Dupatta,dados/fashion-dataset/images/34916.jpg
2954,Women,Apparel,Bottomwear,Capris,Yellow,Fall,2010.0,Casual,DUSG Women Uttarkashi Organic Endive Capri,dados/fashion-dataset/images/2954.jpg
30737,Men,Apparel,Topwear,Waistcoat,Red,Summer,2012.0,Ethnic,Fabindia Men Red Silk Sleeveless Waistcoat,dados/fashion-dataset/images/30737.jpg
48391,Men,Apparel,Bottomwear,Trousers,Grey,Summer,2012.0,Casual,French Connection Men Grey Trousers,dados/fashion-dataset/images/48391.jpg
59677,Women,Apparel,Innerwear,Briefs,Brown,Summer,2014.0,Casual,Avirate Black & White  Brief,dados/fashion-dataset/images/59677.jpg
34266,Women,Apparel,Topwear,Dupatta,Brown,Summer,2012.0,Ethnic,Fabindia Women Brown Silk Dupatta,dados/fashion-dataset/images/34266.jpg
11405,Men,Apparel,Topwear,Tshirts,White,Fall,2011.0,Casual,United Colors Of Benetton Men Light Winter White T-Shirts,dados/fashion-dataset/images/11405.jpg
11672,Men,Apparel,Topwear,Shirts,Yellow,Fall,2011.0,Casual,Lee Men Check Yellow Shirts,dados/fashion-dataset/images/11672.jpg
25772,Men,Apparel,Topwear,Suspenders,Black,Summer,2012.0,Formal,Lino Perros Men Black & Brown Suspenders,dados/fashion-dataset/images/25772.jpg
36832,Women,Apparel,Topwear,Kurtas,Green,Summer,2012.0,Ethnic,Vishudh Women Green White & Green Kurta,dados/fashion-dataset/images/36832.jpg
53034,Women,Apparel,Saree,Sarees,Multi,Fall,2012.0,Ethnic,FNF Multi Coloured Printed Sari,dados/fashion-dataset/images/53034.jpg
27845,Women,Apparel,Topwear,Blazers,Black,Summer,2012.0,Formal,Scullers For Her Black Blazer,dados/fashion-dataset/images/27845.jpg
34578,Women,Apparel,Dress,Dresses,Red,Summer,2012.0,Casual,Tonga Women Printed Red Dress,dados/fashion-dataset/images/34578.jpg
6863,Women,Apparel,Bottomwear,Capris,Black,Summer,2011.0,Ethnic,Forever New Women Length Legging Black Capri,dados/fashion-dataset/images/6863.jpg
51795,Women,Apparel,Innerwear,Briefs,Black,Summer,2016.0,Casual,Bwitch Women Black Briefs,dados/fashion-dataset/images/51795.jpg
8207,Men,Apparel,Topwear,Tshirts,Red,Summer,2011.0,Casual,Locomotive Men Solid Langworth Red T-Shirts,dados/fashion-dataset/images/8207.jpg
54983,Women,Apparel,Loungewear and Nightwear,Lounge Pants,Pink,Summer,2017.0,Casual,Femella Women Pink Lounge Pants,dados/fashion-dataset/images/54983.jpg
52485,Women,Apparel,Innerwear,Camisoles,Blue,Summer,2017.0,Casual,Red Rose Blue Camisole,dados/fashion-dataset/images/52485.jpg
39139,Women,Apparel,Apparel Set,Kurta Sets,White,Summer,2012.0,Ethnic,Aneri Women White & Black Printed Salwar Suit,dados/fashion-dataset/images/39139.jpg
3991,Men,Apparel,Topwear,Tshirts,White,Summer,2011.0,Casual,Mr.Men Men's Wave Rider White T-shirt,dados/fashion-dataset/images/3991.jpg
7896,Men,Apparel,Bottomwear,Shorts,Blue,Fall,2011.0,Casual,Proline Men Blue Shorts,dados/fashion-dataset/images/7896.jpg
47063,Women,Apparel,Bottomwear,Patiala,Multi,Fall,2012.0,Ethnic,Shree Women Multi Colored Patiala,dados/fashion-dataset/images/47063.jpg
36753,Girls,Apparel,Apparel Set,Clothing Set,Blue,Summer,2012.0,Casual,Little Miss Girls Chatterbox Blue Clothing Set,dados/fashion-dataset/images/36753.jpg
28778,Women,Apparel,Topwear,Kurtis,Orange,Summer,2012.0,Ethnic,Aurelia Women Printed Orange Kurti,dados/fashion-dataset/images/28778.jpg
57193,Women,Apparel,Topwear,Tunics,Pink,Summer,2012.0,Casual,Elle Women Pink Tunic,dados/fashion-dataset/images/57193.jpg
37587,Girls,Apparel,Innerwear,Innerwear Vests,Green,Summer,2012.0,Casual,Madagascar3 Girls Green Innerwear Vest,dados/fashion-dataset/images/37587.jpg
11277,Men,Apparel,Bottomwear,Track Pants,Blue,Fall,2011.0,Sports,Nike Men Crickt Blue Track Pants,dados/fashion-dataset/images/11277.jpg
28943,Women,Apparel,Bottomwear,Leggings,Green,Summer,2012.0,Casual,BIBA OUTLET Women Green Leggings,dados/fashion-dataset/images/28943.jpg
13282,Women,Apparel,Bottomwear,Capris,Black,Fall,2011.0,Casual,Gini and Jony Kids Solid Black Capris,dados/fashion-dataset/images/13282.jpg
51391,Men,Apparel,Innerwear,Boxers,Blue,Summer,2012.0,Casual,Myntra Men Blue Boxer,dados/fashion-dataset/images/51391.jpg
10063,Men,Apparel,Topwear,Tshirts,Yellow,Fall,2011.0,Casual,Puma Men spine tee Yellow Tshirts,dados/fashion-dataset/images/10063.jpg
21639,Women,Apparel,Innerwear,Bra,Black,Fall,2012.0,Casual,Enamor Women Smooth Black Bra,dados/fashion-dataset/images/21639.jpg
32240,Women,Apparel,Topwear,Kurtas,Blue,Summer,2012.0,Ethnic,Fabindia Women Blue Kurta,dados/fashion-dataset/images/32240.jpg
14922,Men,Apparel,Topwear,Tshirts,Blue,Fall,2011.0,Casual,Mr. Men Men Sleep Placid Blue Tshirts,dados/fashion-dataset/images/14922.jpg
15115,Men,Apparel,Bottomwear,Trousers,Navy Blue,Fall,2012.0,Formal,Arrow Men TR Finish Navy Blue Trousers,dados/fashion-dataset/images/15115.jpg
57089,Women,Apparel,Bottomwear,Skirts,Navy Blue,Summer,2012.0,Casual,Elle Women Blue Skirt,dados/fashion-dataset/images/57089.jpg
30811,Women,Apparel,Bottomwear,Churidar,Black,Summer,2012.0,Ethnic,Fabindia Women Black Churidar,dados/fashion-dataset/images/30811.jpg
27501,Women,Apparel,Innerwear,Camisoles,Red,Winter,2015.0,Casual,Jockey Women Red Camisole,dados/fashion-dataset/images/27501.jpg
52484,Women,Apparel,Innerwear,Camisoles,White,Summer,2017.0,Casual,Red Rose White Camisole,dados/fashion-dataset/images/52484.jpg
46814,Girls,Apparel,Bottomwear,Skirts,Pink,Summer,2012.0,Casual,Gini and Jony Girls Pink Skirt,dados/fashion-dataset/images/46814.jpg
16445,Men,Apparel,Topwear,Sweatshirts,Grey,Fall,2011.0,Casual,Levis Men Solid Grey Sweatshirts,dados/fashion-dataset/images/16445.jpg
6611,Men,Apparel,Topwear,Shirts,Navy Blue,Summer,2011.0,Casual,Spykar Men Stripes Navy Blue Shirt,dados/fashion-dataset/images/6611.jpg
3465,Unisex,Apparel,Apparel Set,Swimwear,Black,Fall,2010.0,Sports,ADIDAS Unisex Black White Swimming Cap,dados/fashion-dataset/images/3465.jpg
57986,Women,Apparel,Dress,Dresses,Grey,Fall,2012.0,Casual,Latin Quarters Women Grey Dress,dados/fashion-dataset/images/57986.jpg
34094,Girls,Apparel,Topwear,Tops,Lime Green,Summer,2012.0,Casual,Doodle Girls Printed Lime Green Top,dados/fashion-dataset/images/34094.jpg
40498,Women,Apparel,Innerwear,Camisoles,White,Summer,2017.0,Casual,Femella Women White Camisole,dados/fashion-dataset/images/40498.jpg
34277,Women,Apparel,Topwear,Dupatta,Off White,Summer,2012.0,Ethnic,Fabindia Women Kota Tepchi Off White Dupatta,dados/fashion-dataset/images/34277.jpg
26050,Men,Apparel,Topwear,Shirts,Blue,Summer,2012.0,Formal,John Miller Men Striped Blue Shirt,dados/fashion-dataset/images/26050.jpg
39830,Girls,Apparel,Bottomwear,Shorts,Purple,Summer,2012.0,Casual,Gini and Jony Girls Core Purple Shorts,dados/fashion-dataset/images/39830.jpg
43666,Women,Apparel,Dress,Jumpsuit,Peach,Summer,2012.0,Casual,ONLY Women Peach Short Jumpsuit,dados/fashion-dataset/images/43666.jpg
27230,Women,Apparel,Bottomwear,Capris,White,Summer,2012.0,Casual,Doodle Kids Girl  White Capris,dados/fashion-dataset/images/27230.jpg
54477,Men,Apparel,Innerwear,Briefs,Grey,Summer,2016.0,Casual,Hanes Men Grey Premium String Bikini Briefs,dados/fashion-dataset/images/54477.jpg
16919,Men,Apparel,Bottomwear,Jeans,Blue,Fall,2011.0,Casual,Spykar Men Washed Blue Jeans,dados/fashion-dataset/images/16919.jpg
14113,Men,Apparel,Topwear,Sweatshirts,Olive,Fall,2011.0,Casual,Flying Machine Men Printed Olive Sweatshirts,dados/fashion-dataset/images/14113.jpg
30717,Boys,Apparel,Apparel Set,Kurta Sets,Green,Summer,2012.0,Ethnic,Fabindia Boys Green Dhoti Angarakha Sets,dados/fashion-dataset/images/30717.jpg
41352,Women,Apparel,Bottomwear,Jeans,Black,Summer,2012.0,Casual,Wrangler Women Classics Jeans,dados/fashion-dataset/images/41352.jpg
10652,Women,Apparel,Bottomwear,Skirts,Blue,Fall,2011.0,Casual,Doodle Girl Denim skirt with belt Blue Skirts,dados/fashion-dataset/images/10652.jpg
26145,Men,Apparel,Bottomwear,Trousers,Navy Blue,Summer,2012.0,Formal,John Miller Men Striped Navy Blue Trousers,dados/fashion-dataset/images/26145.jpg
53427,Women,Apparel,Topwear,Kurtas,White,Fall,2012.0,Ethnic,Alma Women White Printed Kurta,dados/fashion-dataset/images/53427.jpg
59612,Women,Apparel,Saree,Sarees,Pink,Fall,2012.0,Ethnic,FNF Pink Collection for Wedding Sari,dados/fashion-dataset/images/59612.jpg
54977,Women,Apparel,Loungewear and Nightwear,Lounge Pants,Blue,Summer,2017.0,Casual,Femella Women Blue Lounge Pants,dados/fashion-dataset/images/54977.jpg
43077,Women,Apparel,Bottomwear,Capris,Grey,Summer,2012.0,Sports,Nike Womens Grey Capris,dados/fashion-dataset/images/43077.jpg
23145,Women,Apparel,Topwear,Sweatshirts,Off White,Fall,2011.0,Casual,Quechua Women  Fleece Off-White Sweatshirt,dados/fashion-dataset/images/23145.jpg
30934,Women,Apparel,Topwear,Kurtis,Black,Summer,2012.0,Ethnic,Fabindia Women Black Kurti,dados/fashion-dataset/images/30934.jpg
14599,Women,Apparel,Bottomwear,Stockings,Black,Summer,2011.0,Casual,United Colors of Benetton Women Solid Black Stockings,dados/fashion-dataset/images/14599.jpg
34281,Women,Apparel,Topwear,Dupatta,Blue,Summer,2012.0,Ethnic,Fabindia Women Blue Dupatta,dados/fashion-dataset/images/34281.jpg
33179,Women,Apparel,Topwear,Tops,Blue,Summer,2012.0,Casual,Sepia Women Blue Top,dados/fashion-dataset/images/33179.jpg
17179,Men,Apparel,Topwear,Shirts,White,Winter,2016.0,Casual,U.S. Polo Assn. Men Solid White Shirt,dados/fashion-dataset/images/17179.jpg
50023,Women,Apparel,Bottomwear,Leggings,White,Winter,2015.0,Casual,Hanes Women White ComfortSoft Waistband Cotton Stretch Full Leggings,dados/fashion-dataset/images/50023.jpg
32437,Men,Apparel,Bottomwear,Track Pants,Navy Blue,Summer,2012.0,Sports,ADIDAS Men Navy Blue Track Pants,dados/fashion-dataset/images/32437.jpg
47065,Women,Apparel,Bottomwear,Patiala,Maroon,Fall,2012.0,Ethnic,Shree Women Maroon & Mustard Patiala,dados/fashion-dataset/images/47065.jpg
58514,Women,Apparel,Topwear,Tops,Grey,Summer,2012.0,Casual,Tonga Women Grey Top,dados/fashion-dataset/images/58514.jpg
2590,Women,Apparel,Bottomwear,Capris,Navy Blue,Summer,2011.0,Casual,Tribord Women Breeches Blue Capri,dados/fashion-dataset/images/2590.jpg
52487,Women,Apparel,Innerwear,Camisoles,Pink,Winter,2015.0,Casual,Red Rose Pink Camisole,dados/fashion-dataset/images/52487.jpg
36259,Men,Apparel,Loungewear and Nightwear,Night suits,Navy Blue,Summer,2016.0,Casual,SDL by Sweet Dreams Men Navy Blue & Grey Pyjama Set,dados/fashion-dataset/images/36259.jpg
31743,Men,Apparel,Topwear,Blazers,Olive,Summer,2012.0,Formal,Reid & Taylor Men Semi Formal Olive Blazer,dados/fashion-dataset/images/31743.jpg
6532,Women,Apparel,Bottomwear,Skirts,Pink,Summer,2011.0,Sports,Nike Women's Border Pink Skirt,dados/fashion-dataset/images/6532.jpg
31869,Women,Apparel,Topwear,Dupatta,Blue,Fall,2012.0,Ethnic,Fabindia Women Blue Dupatta,dados/fashion-dataset/images/31869.jpg
59654,Women,Apparel,Saree,Sarees,Purple,Fall,2012.0,Ethnic,FNF Purple Evening Wear Sari,dados/fashion-dataset/images/59654.jpg
28116,Men,Apparel,Innerwear,Trunk,Olive,Summer,2016.0,Casual,Jockey COMFORT PLUS Men Comfort Plus Olive Trunks 8015,dados/fashion-dataset/images/28116.jpg
28969,Women,Apparel,Apparel Set,Kurta Sets,Red,Summer,2012.0,Ethnic,Biba Women Red Embroidered Churidar Kurta with Dupatta,dados/fashion-dataset/images/28969.jpg
28627,Men,Apparel,Bottomwear,Shorts,Black,Summer,2012.0,Sports,Nike Men Longer Knit Black Shorts,dados/fashion-dataset/images/28627.jpg
36286,Women,Apparel,Loungewear and Nightwear,Night suits,Grey,Summer,2017.0,Casual,SDL by Sweet Dreams Women Grey Night suits,dados/fashion-dataset/images/36286.jpg
26321,Men,Apparel,Bottomwear,Tracksuits,Black,Fall,2013.0,Sports,Proline Men Black Tracksuit,dados/fashion-dataset/images/26321.jpg
18273,Women,Apparel,Topwear,Kurtas,Blue,Fall,2011.0,Ethnic,Aneri Women Niti Blue Kurta,dados/fashion-dataset/images/18273.jpg
40074,Women,Apparel,Bottomwear,Tights,Navy Blue,Summer,2012.0,Casual,ADIDAS Women Navy Blue Tights,dados/fashion-dataset/images/40074.jpg
57086,Women,Apparel,Bottomwear,Skirts,Pink,Summer,2012.0,Casual,Elle Women Pink Vintage Skirt,dados/fashion-dataset/images/57086.jpg
31060,Women,Apparel,Topwear,Dupatta,Off White,Summer,2012.0,Ethnic,Fabindia Women Off White Chanderi Dupatta,dados/fashion-dataset/images/31060.jpg
24908,Boys,Apparel,Topwear,Tshirts,Yellow,Summer,2012.0,Casual,United Colors of Benetton Kids Boys Yellow Printed T-shirt,dados/fashion-dataset/images/24908.jpg
45652,Men,Apparel,Innerwear,Briefs,White,Summer,2016.0,Casual,Park Avenue Men White Trunks,dados/fashion-dataset/images/45652.jpg
41332,Women,Apparel,Topwear,Dupatta,Green,Winter,2012.0,Ethnic,Aurelia Women Green Dupatta,dados/fashion-dataset/images/41332.jpg
13609,Men,Apparel,Innerwear,Innerwear Vests,Red,Summer,2016.0,Casual,Hanes Men Sleeveless Crew Red Innerwear T-shirt,dados/fashion-dataset/images/13609.jpg
7607,Men,Apparel,Topwear,Tshirts,Black,Summer,2011.0,Casual,Nike Men's FCB Core Black SS T-shirt,dados/fashion-dataset/images/7607.jpg
50478,Men,Apparel,Innerwear,Briefs,Orange,Winter,2016.0,Casual,Chromozome Men Orange Briefs,dados/fashion-dataset/images/50478.jpg
51616,Women,Apparel,Bottomwear,Jeggings,Black,Fall,2012.0,Casual,Kraus Jeans Women Black Jeggings,dados/fashion-dataset/images/51616.jpg
36274,Women,Apparel,Loungewear and Nightwear,Night suits,Grey,Summer,2017.0,Casual,SDL by Sweet Dreams Women Grey & Pink Night suits,dados/fashion-dataset/images/36274.jpg
52482,Women,Apparel,Loungewear and Nightwear,Baby Dolls,Red,Winter,2015.0,Casual,Red Rose Red & Black Nightdress,dados/fashion-dataset/images/52482.jpg
33249,Men,Apparel,Topwear,Shirts,White,Summer,2012.0,Formal,Arrow Men Blue Striped Shirt,dados/fashion-dataset/images/33249.jpg
34920,Women,Apparel,Topwear,Dupatta,Magenta,Summer,2012.0,Ethnic,Fabindia Magenta Dupatta,dados/fashion-dataset/images/34920.jpg
40051,Men,Apparel,Topwear,Jackets,Navy Blue,Fall,2013.0,Sports,ADIDAS Men Navy Messi Track Jacket,dados/fashion-dataset/images/40051.jpg
53463,Women,Apparel,Innerwear,Bra,Pink,Summer,2018.0,Casual,Amante Pink Full-Coverage Lace Bra BCLC11,dados/fashion-dataset/images/53463.jpg
40196,Women,Apparel,Topwear,Kurtis,Green,Summer,2012.0,Ethnic,Mumbai Slang Women Light Green Kurti,dados/fashion-dataset/images/40196.jpg
18302,Women,Apparel,Topwear,Kurtis,Green,Fall,2011.0,Ethnic,Aneri Women Kavita Green Kurti,dados/fashion-dataset/images/18302.jpg
4294,Men,Apparel,Topwear,Tshirts,Cream,Summer,2011.0,Casual,Tantra Men's 4Sq Om Cream T-shirt,dados/fashion-dataset/images/4294.jpg
11260,Women,Apparel,Bottomwear,Skirts,Green,Summer,2011.0,Casual,Palm Tree Kids Girl Sp Jace Sko Green Skirts,dados/fashion-dataset/images/11260.jpg
59118,Men,Apparel,Topwear,Jackets,Navy Blue,Summer,2012.0,Casual,Just Natural Men Navy Blue Reversible Jacket,dados/fashion-dataset/images/59118.jpg
59103,Men,Apparel,Topwear,Rain Jacket,Olive,Summer,2012.0,Casual,Just Natural Men Military Shade Rain Jacket,dados/fashion-dataset/images/59103.jpg
37208,Women,Apparel,Bottomwear,Skirts,Black,Fall,2012.0,Casual,United Colors of Benetton Women Black Skirt,dados/fashion-dataset/images/37208.jpg
24068,Men,Apparel,Topwear,Shirts,Grey,Fall,2011.0,Casual,Locomotive Men Check Grey Shirt,dados/fashion-dataset/images/24068.jpg
56294,Women,Apparel,Innerwear,Bra,Rose,Summer,2017.0,Casual,Biara Women Rose  Bra,dados/fashion-dataset/images/56294.jpg
48473,Women,Apparel,Dress,Dresses,Blue,Winter,2011.0,Casual,French Connection Women Blue Dress,dados/fashion-dataset/images/48473.jpg
48382,Men,Apparel,Bottomwear,Jeans,Blue,Summer,2012.0,Casual,French Connection Men Blue Jeans,dados/fashion-dataset/images/48382.jpg
8581,Men,Apparel,Topwear,Waistcoat,Black,Fall,2011.0,Casual,Scullers Men Black Waistcoat,dados/fashion-dataset/images/8581.jpg
57962,Women,Apparel,Saree,Sarees,Multi,Fall,2012.0,Ethnic,Prafful Women Multi Coloured Sari,dados/fashion-dataset/images/57962.jpg
33983,Women,Apparel,Bottomwear,Stockings,Black,Summer,2012.0,Casual,Femella Women Black Stockings,dados/fashion-dataset/images/33983.jpg
16275,Men,Apparel,Topwear,Sweatshirts,Black,Fall,2011.0,Casual,Free Authority Men Stripes Purple Sweatshirts,dados/fashion-dataset/images/16275.jpg
56221,Men,Apparel,Loungewear and Nightwear,Night suits,Purple,Summer,2016.0,Casual,SDL by Sweet Dreams Men Purple Pyjama Set,dados/fashion-dataset/images/56221.jpg
58507,Women,Apparel,Topwear,Shrug,White,Summer,2012.0,Casual,Tonga Women Coffee Brown Shrug,dados/fashion-dataset/images/58507.jpg
10719,Women,Apparel,Bottomwear,Capris,Blue,Fall,2011.0,Casual,Nike Women Training Blue Capris,dados/fashion-dataset/images/10719.jpg
17996,Men,Apparel,Bottomwear,Track Pants,Navy Blue,Summer,2010.0,Sports,Puma Men Wind Navy Blue Track Pant,dados/fashion-dataset/images/17996.jpg
39471,Women,Apparel,Topwear,Kurtis,Beige,Summer,2012.0,Ethnic,Diva Women Beige Kurti,dados/fashion-dataset/images/39471.jpg
11807,Women,Apparel,Topwear,Kurtas,Blue,Fall,2011.0,Ethnic,Vishudh Women Cotton Silk Blue Kurtas,dados/fashion-dataset/images/11807.jpg
18569,Men,Apparel,Topwear,Sweaters,Red,Fall,2011.0,Casual,Puma Men Solid Red Sweater,dados/fashion-dataset/images/18569.jpg
19487,Men,Apparel,Innerwear,Trunk,Blue,Summer,2016.0,Casual,Levis Men Jazz Stripes Blue Trunks,dados/fashion-dataset/images/19487.jpg
13572,Men,Apparel,Innerwear,Innerwear Vests,Red,Summer,2016.0,Casual,Hanes Men Racer Back Red Innerwear Vests,dados/fashion-dataset/images/13572.jpg
50458,Men,Apparel,Innerwear,Briefs,Grey,Summer,2016.0,Casual,Chromozome Men Grey & Orange Briefs,dados/fashion-dataset/images/50458.jpg
8580,Men,Apparel,Topwear,Waistcoat,Grey,Fall,2011.0,Casual,Scullers Men  Grey Waistcoat,dados/fashion-dataset/images/8580.jpg
30463,Women,Apparel,Innerwear,Bra,Pink,Summer,2014.0,Casual,Lovable Women All Day Long Pink Bra,dados/fashion-dataset/images/30463.jpg
1607,Men,Apparel,Bottomwear,Track Pants,Blue,Fall,2010.0,Sports,Reebok Men trackpant- male Track Pants,dados/fashion-dataset/images/1607.jpg
23068,Men,Apparel,Topwear,Sweaters,Blue,Fall,2011.0,Casual,Arrow Men Blue Check Sweater,dados/fashion-dataset/images/23068.jpg
25591,Women,Apparel,Apparel Set,Kurta Sets,Black,Fall,2011.0,Ethnic,Vishudh Women Green & Black Churidar Kurta with Dupatta,dados/fashion-dataset/images/25591.jpg
46022,Women,Apparel,Topwear,Kurtis,White,Summer,2012.0,Ethnic,Fabindia Women White Printed Kurti,dados/fashion-dataset/images/46022.jpg
4780,Women,Apparel,Topwear,Tshirts,Pink,Summer,2011.0,Sports,ADIDAS Women's Balance Pink T-shirt,dados/fashion-dataset/images/4780.jpg
16614,Men,Apparel,Bottomwear,Trousers,Brown,Fall,2011.0,Formal,Genesis Men Stripes Brown Trouser,dados/fashion-dataset/images/16614.jpg
14318,Men,Apparel,Topwear,Sweaters,Grey,Fall,2011.0,Casual,ADIDAS Men Stripes Grey Sweaters,dados/fashion-dataset/images/14318.jpg
17895,Men,Apparel,Innerwear,Innerwear Vests,White,Summer,2016.0,Casual,Levis Men Pack of 3 Innerwear Vest,dados/fashion-dataset/images/17895.jpg
43688,Girls,Apparel,Topwear,Tops,Pink,Summer,2012.0,Casual,Doodle Girls Pink Top,dados/fashion-dataset/images/43688.jpg
49938,Men,Apparel,Innerwear,Innerwear Vests,Black,Summer,2016.0,Casual,Hanes Men Black Innerwear Vest,dados/fashion-dataset/images/49938.jpg
51832,Women,Apparel,Innerwear,Bra,Beige,Summer,2016.0,Casual,Bwitch Beige Full-Coverage Bra BW335,dados/fashion-dataset/images/51832.jpg
14987,Men,Apparel,Topwear,Sweatshirts,Black,Fall,2011.0,Casual,ADIDAS Men Solid Black Sweatshirts,dados/fashion-dataset/images/14987.jpg
15966,Men,Apparel,Topwear,Jackets,Grey,Fall,2011.0,Casual,Turtle Solid Men Grey Jacket,dados/fashion-dataset/images/15966.jpg
39716,Women,Apparel,Dress,Dresses,Blue,Summer,2012.0,Casual,Arrow Woman Women Blue Dress,dados/fashion-dataset/images/39716.jpg
14136,Women,Apparel,Topwear,Tops,Black,Summer,2011.0,Casual,Jealous 21 Women Stripes Black Tops,dados/fashion-dataset/images/14136.jpg
33274,Girls,Apparel,Bottomwear,Leggings,Black,Summer,2012.0,Casual,Gini and Jony Girls Black Leggings,dados/fashion-dataset/images/33274.jpg
52441,Women,Apparel,Loungewear and Nightwear,Nightdress,Pink,Winter,2015.0,Casual,Red Rose Pink Nightdress,dados/fashion-dataset/images/52441.jpg
30730,Girls,Apparel,Bottomwear,Salwar,Purple,Summer,2012.0,Ethnic,Fabindia Girls Printed Purple Salwar,dados/fashion-dataset/images/30730.jpg
30809,Women,Apparel,Bottomwear,Churidar,Olive,Summer,2012.0,Ethnic,Fabindia Women Olive Cambric Churidar,dados/fashion-dataset/images/30809.jpg
42533,Women,Apparel,Topwear,Kurtas,Blue,Fall,2012.0,Ethnic,Mother Earth Women Blue Printed Kurta,dados/fashion-dataset/images/42533.jpg
54896,Boys,Apparel,Bottomwear,Trousers,Olive,Summer,2012.0,Casual,Do u speak green Boys Olive Trousers,dados/fashion-dataset/images/54896.jpg
43665,Women,Apparel,Topwear,Tunics,Purple,Summer,2012.0,Casual,ONLY Women Purple Tunic,dados/fashion-dataset/images/43665.jpg
12780,Women,Apparel,Apparel Set,Kurta Sets,Brown,Fall,2011.0,Ethnic,Mother Earth Women Cotton Brown Salwar Suit,dados/fashion-dataset/images/12780.jpg
31050,Men,Apparel,Topwear,Shirts,Navy Blue,Summer,2012.0,Casual,Arrow Sport Men Check Navy Blue Shirt,dados/fashion-dataset/images/31050.jpg
49917,Women,Apparel,Saree,Sarees,Green,Fall,2012.0,Ethnic,Fabindia Green Printed Ajrakh Dhonekhali Saree,dados/fashion-dataset/images/49917.jpg
24157,Women,Apparel,Topwear,Kurtas,Green,Fall,2011.0,Ethnic,Aurelia Women Green Kurta,dados/fashion-dataset/images/24157.jpg
39145,Women,Apparel,Apparel Set,Kurta Sets,Multi,Summer,2012.0,Ethnic,Aneri Women Multi Coloured Salwar Suit,dados/fashion-dataset/images/39145.jpg
51036,Women,Apparel,Loungewear and Nightwear,Nightdress,Lime Green,Summer,2017.0,Casual,Enamor Women Lavender Nightdress,dados/fashion-dataset/images/51036.jpg
31059,Women,Apparel,Topwear,Dupatta,Off White,Summer,2012.0,Ethnic,Fabindia Women Off White Chanderi Dupatta,dados/fashion-dataset/images/31059.jpg
2116,Men,Apparel,Bottomwear,Track Pants,Black,Fall,2010.0,Sports,ADIDAS Men Smooth Striped Track Pants,dados/fashion-dataset/images/2116.jpg
7126,Women,Apparel,Bottomwear,Track Pants,Grey,Fall,2011.0,Casual,Urban Yoga Women Bottom Grey Track Pant,dados/fashion-dataset/images/7126.jpg
33304,Boys,Apparel,Topwear,Tshirts,Yellow,Summer,2012.0,Casual,Gini and Jony Boys Pack of 2 T-shirts,dados/fashion-dataset/images/33304.jpg
52891,Women,Apparel,Saree,Sarees,Pink,Fall,2012.0,Ethnic,FNF Pink Printed Sari,dados/fashion-dataset/images/52891.jpg
28900,Women,Apparel,Innerwear,Briefs,Pink,Summer,2017.0,Casual,Enamor Women Pink Low-Rise Bikini Brief,dados/fashion-dataset/images/28900.jpg
28064,Men,Apparel,Innerwear,Trunk,Black,Summer,2016.0,Casual,Jockey ELANCE Men Black Trunk 1015,dados/fashion-dataset/images/28064.jpg
51383,Men,Apparel,Innerwear,Boxers,Blue,Summer,2012.0,Casual,Myntra Men Blue Boxer,dados/fashion-dataset/images/51383.jpg
51499,Women,Apparel,Bottomwear,Jeans,Blue,Summer,2012.0,Casual,Denizen Women Blue Jeans,dados/fashion-dataset/images/51499.jpg
45641,Men,Apparel,Innerwear,Briefs,Grey Melange,Summer,2016.0,Casual,Park Avenue Men Grey Swank Briefs,dados/fashion-dataset/images/45641.jpg
58215,Women,Apparel,Bottomwear,Patiala,Multi,Fall,2012.0,Ethnic,Shree Women Multi Coloured Patiala,dados/fashion-dataset/images/58215.jpg
43465,Women,Apparel,Loungewear and Nightwear,Night suits,Pink,Summer,2017.0,Casual,SDL by Sweet Dreams Women Pink Pyjama Set,dados/fashion-dataset/images/43465.jpg
53032,Women,Apparel,Saree,Sarees,Red,Fall,2012.0,Ethnic,FNF Red Printed Sari,dados/fashion-dataset/images/53032.jpg
27900,Women,Apparel,Bottomwear,Trousers,Beige,Summer,2012.0,Casual,Scullers For Her Women Beige Trousers,dados/fashion-dataset/images/27900.jpg
14316,Men,Apparel,Topwear,Sweatshirts,Navy Blue,Fall,2011.0,Casual,ADIDAS Men Solid Navy Blue Sweatshirts,dados/fashion-dataset/images/14316.jpg
15693,Men,Apparel,Topwear,Shirts,Blue,Fall,2011.0,Formal,Black coffee Men Micheal Blue Slim Fit Shirt,dados/fashion-dataset/images/15693.jpg
13317,Men,Apparel,Topwear,Sweatshirts,Grey,Fall,2011.0,Casual,Gini and Jony Kids Boys Printed Grey Sweatshirts,dados/fashion-dataset/images/13317.jpg
20221,Men,Apparel,Topwear,Sweaters,Charcoal,Fall,2011.0,Casual,Wrangler Men Rib Charcoal Sweater,dados/fashion-dataset/images/20221.jpg
41003,Girls,Apparel,Bottomwear,Skirts,Blue,Summer,2012.0,Casual,Gini and Jony Girls Woven Blue Skirt,dados/fashion-dataset/images/41003.jpg
15322,Men,Apparel,Topwear,Jackets,Black,Fall,2011.0,Casual,Nike Men Solid Black Jacket,dados/fashion-dataset/images/15322.jpg
39128,Women,Apparel,Bottomwear,Leggings,Red,Fall,2012.0,Casual,Aneri Women Red Leggings,dados/fashion-dataset/images/39128.jpg
33272,Girls,Apparel,Bottomwear,Capris,Pink,Summer,2012.0,Casual,Gini & Jony Girls Pink Pedal Pusher,dados/fashion-dataset/images/33272.jpg
9348,Men,Apparel,Bottomwear,Shorts,Navy Blue,Fall,2011.0,Casual,Puma Men Bermudas Navy Blue Shorts,dados/fashion-dataset/images/9348.jpg
30822,Women,Apparel,Bottomwear,Churidar,Black,Summer,2012.0,Ethnic,Fabindia Women Black Mangalgiri Churidar,dados/fashion-dataset/images/30822.jpg
14323,Women,Apparel,Topwear,Sweaters,White,Fall,2011.0,Casual,ADIDAS Women Stripes White Sweaters,dados/fashion-dataset/images/14323.jpg
32071,Men,Apparel,Innerwear,Boxers,Blue,Summer,2016.0,Casual,Playboy Men Blue Boxers,dados/fashion-dataset/images/32071.jpg
26928,Women,Apparel,Dress,Dresses,Black,Summer,2012.0,Casual,Jealous 21 Women Black Dress,dados/fashion-dataset/images/26928.jpg
17859,Men,Apparel,Innerwear,Trunk,Black,Summer,2016.0,Casual,Levis Men Boxer Black Trunks,dados/fashion-dataset/images/17859.jpg
19593,Women,Apparel,Topwear,Tops,Brown,Fall,2011.0,Casual,United Colors of Benetton Women Printed Brown Top,dados/fashion-dataset/images/19593.jpg
27420,Women,Apparel,Loungewear and Nightwear,Lounge Pants,Grey,Winter,2015.0,Casual,Jockey Women Grey Lounge Pants,dados/fashion-dataset/images/27420.jpg
57971,Women,Apparel,Saree,Sarees,Rust,Fall,2012.0,Ethnic,Prafful Rust Printed Sari,dados/fashion-dataset/images/57971.jpg
47154,Girls,Apparel,Bottomwear,Capris,Black,Summer,2012.0,Casual,Gini and Jony Girls Black Capris,dados/fashion-dataset/images/47154.jpg
30718,Boys,Apparel,Apparel Set,Kurta Sets,Red,Summer,2012.0,Ethnic,Fabindia Boys Red & Beige Angarakha Dhoti Set,dados/fashion-dataset/images/30718.jpg
47050,Women,Apparel,Bottomwear,Salwar,Navy Blue,Summer,2012.0,Ethnic,Shree Women Navy Blue & Pink Jodhpuri Salwar,dados/fashion-dataset/images/47050.jpg
50602,Men,Apparel,Innerwear,Trunk,Navy Blue,Summer,2016.0,Casual,Chromozome Men Navy Blue Trunks,dados/fashion-dataset/images/50602.jpg
34602,Men,Apparel,Innerwear,Briefs,Brown,Summer,2016.0,Casual,Hanes Men Brown Boxer Brief,dados/fashion-dataset/images/34602.jpg
48387,Men,Apparel,Bottomwear,Jeans,Blue,Summer,2012.0,Casual,French Connection Men Blue Jeans,dados/fashion-dataset/images/48387.jpg
27271,Women,Apparel,Topwear,Tunics,Red,Fall,2011.0,Ethnic,Mother Earth Women Printed Red Tunic,dados/fashion-dataset/images/27271.jpg
12168,Women,Apparel,Topwear,Dupatta,Maroon,Fall,2011.0,Ethnic,Aurelia Women Voile Maroon Dupatta,dados/fashion-dataset/images/12168.jpg
50842,Women,Apparel,Topwear,Dupatta,Lavender,Summer,2012.0,Ethnic,Fabindia Women Lavender Dupatta,dados/fashion-dataset/images/50842.jpg
34105,Boys,Apparel,Bottomwear,Shorts,Blue,Summer,2012.0,Casual,Doodle Boys Check Blue Shorts,dados/fashion-dataset/images/34105.jpg
31046,Men,Apparel,Topwear,Shirts,Yellow,Summer,2012.0,Casual,Arrow Sport Men Check Yellow Shirt,dados/fashion-dataset/images/31046.jpg
52938,Women,Apparel,Saree,Sarees,Pink,Summer,2012.0,Ethnic,FNF Printed Pink Sari,dados/fashion-dataset/images/52938.jpg
46020,Women,Apparel,Topwear,Kurtis,Orange,Summer,2012.0,Ethnic,Fabindia Women Orange Kurti,dados/fashion-dataset/images/46020.jpg
5027,Men,Apparel,Bottomwear,Track Pants,Black,Summer,2011.0,Sports,ADIDAS Men's Long Black Capris,dados/fashion-dataset/images/5027.jpg
20194,Men,Apparel,Topwear,Sweatshirts,White,Fall,2011.0,Casual,Wrangler Men Seattle Embro White Sweatshirt,dados/fashion-dataset/images/20194.jpg
47271,Men,Apparel,Innerwear,Boxers,Green,Summer,2016.0,Casual,FCUK Underwear Green Printed Boxers,dados/fashion-dataset/images/47271.jpg
54984,Women,Apparel,Loungewear and Nightwear,Lounge Pants,Blue,Summer,2017.0,Casual,Femella Women Printed Blue Lounge Pants,dados/fashion-dataset/images/54984.jpg
33981,Women,Apparel,Bottomwear,Stockings,Black,Summer,2012.0,Casual,Femella Women Black Stockings,dados/fashion-dataset/images/33981.jpg
17195,Men,Apparel,Topwear,Sweaters,Green,Winter,2016.0,Casual,U.S. Polo Assn. Men Stripes Green Sweater,dados/fashion-dataset/images/17195.jpg
31128,Girls,Apparel,Dress,Dresses,Blue,Summer,2012.0,Casual,Gini and Jony Girls Printed Teal Dress,dados/fashion-dataset/images/31128.jpg
26364,Women,Apparel,Bottomwear,Skirts,Grey,Summer,2012.0,Formal,Arrow Woman Grey Skirt,dados/fashion-dataset/images/26364.jpg
50470,Men,Apparel,Innerwear,Trunk,Navy Blue,Winter,2016.0,Casual,Chromozome Men Navy Blue Trunks,dados/fashion-dataset/images/50470.jpg
43634,Women,Apparel,Dress,Dresses,Beige,Summer,2012.0,Casual,Vero Moda Women Beige Dress,dados/fashion-dataset/images/43634.jpg
48476,Women,Apparel,Dress,Dresses,Blue,Winter,2011.0,Casual,French Connection Women Blue Dress,dados/fashion-dataset/images/48476.jpg
8493,Women,Apparel,Bottomwear,Skirts,Black,Fall,2011.0,Casual,Forever New Women Black Skirts,dados/fashion-dataset/images/8493.jpg
16556,Men,Apparel,Topwear,Sweatshirts,Grey,Fall,2011.0,Casual,Basics Men Grey Printed Sweatshirt,dados/fashion-dataset/images/16556.jpg
57894,Women,Apparel,Bottomwear,Leggings,Navy Blue,Fall,2012.0,Ethnic,Femella Women Navy Blue Leggings,dados/fashion-dataset/images/57894.jpg
33204,Women,Apparel,Topwear,Tunics,Grey,Summer,2012.0,Casual,Sepia Women Grey Tunic,dados/fashion-dataset/images/33204.jpg
12165,Women,Apparel,Topwear,Dupatta,Navy Blue,Fall,2011.0,Ethnic,Aurelia Women Voile Navy Blue Dupatta,dados/fashion-dataset/images/12165.jpg
12758,Men,Apparel,Bottomwear,Jeans,Blue,Fall,2011.0,Casual,Spykar Men Washed Blue Jeans,dados/fashion-dataset/images/12758.jpg
9531,Men,Apparel,Topwear,Jackets,Purple,Fall,2011.0,Sports,Nike Men Summerized Wind Runner White Jackets,dados/fashion-dataset/images/9531.jpg
50573,Men,Apparel,Innerwear,Trunk,Charcoal,Summer,2016.0,Casual,Chromozome Men Charcoal Trunk Trunks,dados/fashion-dataset/images/50573.jpg
22779,Women,Apparel,Topwear,Kurtas,Orange,Summer,2011.0,Ethnic,BIBA Women Printed Orange Kurta,dados/fashion-dataset/images/22779.jpg
11402,Men,Apparel,Topwear,Sweatshirts,Black,Fall,2011.0,Casual,United Colors of Benetton Men Winter Black Sweatshirts,dados/fashion-dataset/images/11402.jpg
56828,Men,Apparel,Bottomwear,Jeans,Blue,Fall,2013.0,Casual,John Players Men Blue Slim Fit Jeans,dados/fashion-dataset/images/56828.jpg
52510,Women,Apparel,Loungewear and Nightwear,Bath Robe,White,Winter,2015.0,Casual,Red Rose Women White & Pink Striped Bath Robes,dados/fashion-dataset/images/52510.jpg
8833,Men,Apparel,Topwear,Sweaters,Black,Fall,2011.0,Casual,Spykar Men Rts Vneck Black Black Sweaters,dados/fashion-dataset/images/8833.jpg
17891,Men,Apparel,Innerwear,Innerwear Vests,Navy Blue,Summer,2016.0,Casual,Levis Men Cruiser Navy Blue Innerwear Vest,dados/fashion-dataset/images/17891.jpg
51811,Women,Apparel,Loungewear and Nightwear,Nightdress,White,Summer,2016.0,Casual,Bwitch White Nightdress,dados/fashion-dataset/images/51811.jpg
25769,Men,Apparel,Topwear,Suspenders,Maroon,Summer,2012.0,Formal,Lino Perros Men Maroon & Black Suspenders,dados/fashion-dataset/images/25769.jpg
15320,Men,Apparel,Topwear,Sweatshirts,Navy Blue,Fall,2011.0,Casual,Nike Men Solid Navy Blue Sweatshirts,dados/fashion-dataset/images/15320.jpg
31065,Women,Apparel,Topwear,Dupatta,Lavender,Summer,2012.0,Ethnic,Fabindia Women Kota Silk Lavender Dupatta,dados/fashion-dataset/images/31065.jpg
10186,Men,Apparel,Topwear,Shirts,Black,Fall,2011.0,Casual,Indigo Nation Men Black & Blue Stripe Shirt,dados/fashion-dataset/images/10186.jpg
46240,Women,Apparel,Topwear,Tunics,White,Summer,2012.0,Casual,Fusion Beats Women White Printed Tunic,dados/fashion-dataset/images/46240.jpg
57074,Women,Apparel,Bottomwear,Jeans,Black,Summer,2012.0,Casual,Elle Women Black Jeans,dados/fashion-dataset/images/57074.jpg
52398,Women,Apparel,Loungewear and Nightwear,Nightdress,Blue,Winter,2015.0,Casual,Red Rose Women Blue Nightdress,dados/fashion-dataset/images/52398.jpg
19355,Women,Apparel,Innerwear,Briefs,Blue,Summer,2017.0,Casual,Beyouty Women B01 Combo1 Fashion  Low-Rise Pack of 3 Breifs,dados/fashion-dataset/images/19355.jpg
23540,Men,Apparel,Topwear,Sweatshirts,Black,Fall,2011.0,Casual,Classic Polo Men Black Sweatshirt,dados/fashion-dataset/images/23540.jpg
9480,Men,Apparel,Topwear,Shirts,Green,Fall,2011.0,Formal,John Miller Men Green white check Purple Shirts,dados/fashion-dataset/images/9480.jpg
14959,Men,Apparel,Topwear,Jackets,Grey,Fall,2011.0,Casual,Status Quo Men Solid Grey Jackets,dados/fashion-dataset/images/14959.jpg
11015,Women,Apparel,Topwear,Tunics,Purple,Fall,2011.0,Casual,Wrangler Women Kangroo Pocket Purple Tunics,dados/fashion-dataset/images/11015.jpg
16382,Men,Apparel,Bottomwear,Trousers,Charcoal,Fall,2011.0,Formal,Peter England Men Solid Grey Trouser,dados/fashion-dataset/images/16382.jpg
52508,Women,Apparel,Loungewear and Nightwear,Baby Dolls,Red,Winter,2015.0,Casual,Red Rose Red Nightdress,dados/fashion-dataset/images/52508.jpg
32234,Women,Apparel,Topwear,Kurtas,Grey,Summer,2012.0,Ethnic,Fabindia Women Printed Grey Kurta,dados/fashion-dataset/images/32234.jpg
53816,Women,Apparel,Topwear,Tunics,White,Fall,2012.0,Casual,Ayaany Women Printed Red Tunic,dados/fashion-dataset/images/53816.jpg
44790,Men,Apparel,Innerwear,Boxers,Blue,Summer,2016.0,Casual,Calvin Klein Mens blue Boxers,dados/fashion-dataset/images/44790.jpg
18978,Men,Apparel,Topwear,Jackets,White,Summer,2011.0,Casual,ADIDAS Originals Men CR WB PS White Jacket,dados/fashion-dataset/images/18978.jpg
52392,Women,Apparel,Loungewear and Nightwear,Nightdress,Peach,Winter,2015.0,Casual,Red Rose Women Peach Nightdress,dados/fashion-dataset/images/52392.jpg
19949,Men,Apparel,Topwear,Sweatshirts,Purple,Fall,2011.0,Casual,Puma Men Solid Purple Sweatshirt,dados/fashion-dataset/images/19949.jpg
18631,Men,Apparel,Topwear,Tshirts,Navy Blue,Fall,2011.0,Casual,Puma Men GP Speed Navy Blue Tshirts,dados/fashion-dataset/images/18631.jpg
51101,Women,Apparel,Saree,Sarees,Green,Summer,2012.0,Ethnic,Satya Paul Green Printed Saree,dados/fashion-dataset/images/51101.jpg
13627,Men,Apparel,Loungewear and Nightwear,Lounge Shorts,Blue,Summer,2016.0,Casual,Hanes Men Knitted Blue Shorts,dados/fashion-dataset/images/13627.jpg
35888,Boys,Apparel,Apparel Set,Clothing Set,Red,Summer,2012.0,Casual,Jungle Book Boys Baby Red Clothing Set,dados/fashion-dataset/images/35888.jpg
53431,Women,Apparel,Topwear,Kurtas,Black,Fall,2012.0,Ethnic,Alma Women Black Printed Kurta,dados/fashion-dataset/images/53431.jpg
20365,Women,Apparel,Bottomwear,Stockings,Brown,Fall,2011.0,Casual,United Colors of Benetton Women Solid Dark Brown Tights,dados/fashion-dataset/images/20365.jpg
4901,Women,Apparel,Topwear,Tops,Pink,Summer,2011.0,Casual,Levis Kids Girl's Desiree Pink Kidswear,dados/fashion-dataset/images/4901.jpg
15628,Men,Apparel,Topwear,Sweatshirts,Black,Fall,2011.0,Casual,Nike Men AS Squad FT FZ Hoody Black Sweatshirt,dados/fashion-dataset/images/15628.jpg
59702,Women,Apparel,Innerwear,Shapewear,Black,Summer,2014.0,Casual,Avirate Black Wired Corset Shapewear,dados/fashion-dataset/images/59702.jpg
54225,Men,Apparel,Bottomwear,Trousers,Khaki,Summer,2012.0,Casual,Highlander Men Khaki Chinos,dados/fashion-dataset/images/54225.jpg
18621,Men,Apparel,Topwear,Tshirts,Black,Fall,2011.0,Casual,Puma Men Team Essential Polo Black Tshirts,dados/fashion-dataset/images/18621.jpg
54549,Women,Apparel,Topwear,Tunics,Multi,Summer,2012.0,Casual,Global Desi Women Multi Coloured Tunic,dados/fashion-dataset/images/54549.jpg
47068,Women,Apparel,Bottomwear,Patiala,Beige,Fall,2012.0,Ethnic,Shree Women Beige & Teal Patiala,dados/fashion-dataset/images/47068.jpg
29020,Men,Apparel,Bottomwear,Track Pants,Grey,Summer,2013.0,Sports,ADIDAS Men Grey Track Pants,dados/fashion-dataset/images/29020.jpg
56260,Men,Apparel,Loungewear and Nightwear,Night suits,Black,Summer,2016.0,Casual,SDL by Sweet Dreams Men Black Pyjama Set,dados/fashion-dataset/images/56260.jpg
26359,Women,Apparel,Topwear,Tops,Black,Summer,2012.0,Casual,Arrow Women Black Top,dados/fashion-dataset/images/26359.jpg
20154,Men,Apparel,Topwear,Shirts,Navy Blue,Fall,2011.0,Casual,Wrangler Men Tylor Navy Blue Shirt,dados/fashion-dataset/images/20154.jpg
51050,Women,Apparel,Innerwear,Bra,Red,Summer,2017.0,Casual,Enamor Red Bra,dados/fashion-dataset/images/51050.jpg
50382,Women,Apparel,Bottomwear,Salwar and Dupatta,Cream,Summer,2012.0,Ethnic,Vishudh Women Printed Cream Salwar and Dupatta,dados/fashion-dataset/images/50382.jpg
27976,Men,Apparel,Innerwear,Briefs,Charcoal,Winter,2016.0,Casual,Jockey Men Charcoal Zone Stretch Briefs,dados/fashion-dataset/images/27976.jpg
53529,Women,Apparel,Innerwear,Briefs,Maroon,Winter,2015.0,Casual,Amante Women Maroon Briefs PCLC11,dados/fashion-dataset/images/53529.jpg
45981,Women,Apparel,Topwear,Tops,Grey Melange,Summer,2012.0,Casual,Tokyo Talkies Women Grey Melange Printed Top,dados/fashion-dataset/images/45981.jpg
52481,Women,Apparel,Loungewear and Nightwear,Baby Dolls,Pink,Winter,2015.0,Casual,Red Rose Pink & Black Nightdress,dados/fashion-dataset/images/52481.jpg
44289,Men,Apparel,Bottomwear,Trousers,Beige,Summer,2012.0,Formal,Indian Terrain Men Beige Trousers,dados/fashion-dataset/images/44289.jpg
7186,Women,Apparel,Bottomwear,Jeans,Blue,Fall,2011.0,Casual,Jealous 21 Women Supper Skinny Zipped Blue Jeans,dados/fashion-dataset/images/7186.jpg
43671,Women,Apparel,Topwear,Waistcoat,Pink,Summer,2012.0,Casual,ONLY Women Pink Waistcoat,dados/fashion-dataset/images/43671.jpg
15344,Women,Apparel,Bottomwear,Tracksuits,Black,Fall,2011.0,Sports,Nike Women Solid Black Tracksuits,dados/fashion-dataset/images/15344.jpg
3896,Girls,Apparel,Bottomwear,Skirts,Blue,Summer,2011.0,Casual,Disney Kids Girl's Denim Minnie Dark Blue Skirt,dados/fashion-dataset/images/3896.jpg
57811,Women,Apparel,Dress,Jumpsuit,Purple,Fall,2012.0,Casual,United Colors of Benetton Women Purple  Jumpsuit,dados/fashion-dataset/images/57811.jpg
50882,Women,Apparel,Saree,Sarees,Mustard,Fall,2012.0,Ethnic,Prafful Mustard Crepe Printed Sari,dados/fashion-dataset/images/50882.jpg
52500,Women,Apparel,Loungewear and Nightwear,Baby Dolls,Purple,Winter,2015.0,Casual,Red Rose Purple Nightdress,dados/fashion-dataset/images/52500.jpg
51019,Women,Apparel,Innerwear,Bra,Beige,Summer,2017.0,Casual,Enamor Buff Coloured Reveal Bra,dados/fashion-dataset/images/51019.jpg
41427,Men,Apparel,Bottomwear,Trousers,Black,Summer,2012.0,Casual,Highlander Men Black Trousers,dados/fashion-dataset/images/41427.jpg
39138,Women,Apparel,Apparel Set,Kurta Sets,Pink,Summer,2012.0,Ethnic,Aneri Women Pink & White Salwar Suit,dados/fashion-dataset/images/39138.jpg
58212,Women,Apparel,Bottomwear,Patiala,White,Fall,2012.0,Ethnic,Shree Women White Printed Patiala,dados/fashion-dataset/images/58212.jpg
40433,Women,Apparel,Bottomwear,Skirts,Multi,Summer,2012.0,Casual,Tonga Women Multi Colored Skirt,dados/fashion-dataset/images/40433.jpg
17629,Men,Apparel,Topwear,Jackets,Blue,Fall,2011.0,Casual,ADIDAS Men Solid Blue Jacket,dados/fashion-dataset/images/17629.jpg
47057,Women,Apparel,Bottomwear,Salwar,Navy Blue,Summer,2012.0,Ethnic,Shree Women Navy Blue & Pink Jodhpuri Salwar,dados/fashion-dataset/images/47057.jpg
34908,Women,Apparel,Topwear,Dupatta,Black,Summer,2012.0,Ethnic,Fabindia Women Black Dupatta,dados/fashion-dataset/images/34908.jpg
4920,Women,Apparel,Topwear,Tops,Pink,Summer,2011.0,Casual,Gini and Jony Girl's Veeya Pink Infant Kidswear,dados/fashion-dataset/images/4920.jpg
19340,Men,Apparel,Topwear,Jackets,Black,Fall,2011.0,Casual,United Colors of Benetton Men Solid Black Jacket,dados/fashion-dataset/images/19340.jpg
18999,Men,Apparel,Topwear,Jackets,Black,Summer,2011.0,Casual,ADIDAS Originals Men Adi Firebird TT Black Jacket,dados/fashion-dataset/images/18999.jpg
34982,Women,Apparel,Saree,Sarees,Black,Summer,2012.0,Ethnic,Fabindia H& Printed Black Cotton Sari,dados/fashion-dataset/images/34982.jpg
53211,Men,Apparel,Topwear,Shirts,Blue,Summer,2012.0,Formal,Mark Taylor Men Blue Shirt,dados/fashion-dataset/images/53211.jpg
27007,Women,Apparel,Bottomwear,Jeggings,Blue,Summer,2012.0,Casual,Jealous 21 Women Dark Blue Jeggings,dados/fashion-dataset/images/27007.jpg
46261,Women,Apparel,Topwear,Tunics,Multi,Summer,2012.0,Casual,109F Women Multicoloured Printed Tunic,dados/fashion-dataset/images/46261.jpg
27922,Women,Apparel,Bottomwear,Trousers,Olive,Summer,2012.0,Casual,Scullers Women Olive Trousers,dados/fashion-dataset/images/27922.jpg
15608,Men,Apparel,Bottomwear,Track Pants,Navy Blue,Spring,2014.0,Sports,Nike Navy Blue Team Woven     Training  Track Pants,dados/fashion-dataset/images/15608.jpg
26266,Men,Apparel,Topwear,Tshirts,Brown,Summer,2012.0,Casual,Proline Men Brown Polo T-Shirt,dados/fashion-dataset/images/26266.jpg
28456,Women,Apparel,Bottomwear,Skirts,Blue,Summer,2012.0,Sports,Urban Yoga Women Blue Skirt With Leggings,dados/fashion-dataset/images/28456.jpg
13566,Men,Apparel,Innerwear,Innerwear Vests,Grey,Summer,2016.0,Casual,Hanes Men Racer Back Grey Innerwear Vests,dados/fashion-dataset/images/13566.jpg
8582,Men,Apparel,Topwear,Waistcoat,Grey,Fall,2011.0,Casual,Scullers Men Grey Waistcoat,dados/fashion-dataset/images/8582.jpg
19620,Women,Apparel,Topwear,Tops,Olive,Summer,2011.0,Casual,United Colors of Benetton Women Solid Olive Top,dados/fashion-dataset/images/19620.jpg
47060,Women,Apparel,Bottomwear,Salwar,Blue,Summer,2012.0,Ethnic,Shree Wome Blue & White Jodhpuri Salwar,dados/fashion-dataset/images/47060.jpg
16489,Men,Apparel,Topwear,Tshirts,Green,Fall,2011.0,Casual,Locomotive Men Printed Forest Green TShirt,dados/fashion-dataset/images/16489.jpg
32405,Women,Apparel,Bottomwear,Trousers,Navy Blue,Fall,2012.0,Formal,Arrow Woman Navy Blue Trousers,dados/fashion-dataset/images/32405.jpg
50383,Women,Apparel,Bottomwear,Salwar and Dupatta,Red,Summer,2012.0,Ethnic,Vishudh Women Printed Red Salwar and Dupatta,dados/fashion-dataset/images/50383.jpg
27385,Men,Apparel,Loungewear and Nightwear,Night suits,Black,Summer,2016.0,Casual,2go Active Gear USA Men Lounge Set,dados/fashion-dataset/images/27385.jpg
37514,Boys,Apparel,Bottomwear,Leggings,Yellow,Summer,2012.0,Casual,Madagascar3 Infant Boys Lemon Yellow Leggings,dados/fashion-dataset/images/37514.jpg
7362,Women,Apparel,Topwear,Tops,Blue,Summer,2011.0,Casual,UCB Women's Graphic Print Sequins Blue Top,dados/fashion-dataset/images/7362.jpg
30596,Men,Apparel,Bottomwear,Shorts,Blue,Summer,2012.0,Sports,Nike Men Woven Blue Shorts,dados/fashion-dataset/images/30596.jpg
13564,Men,Apparel,Innerwear,Innerwear Vests,Grey,Summer,2016.0,Casual,Hanes Men Square Vest Neck Grey Innerwear Vests,dados/fashion-dataset/images/13564.jpg
49773,Women,Apparel,Topwear,Kurtas,Blue,Summer,2012.0,Ethnic,Alma Women  Light Blue Printed Kurta,dados/fashion-dataset/images/49773.jpg
25914,Women,Apparel,Bottomwear,Leggings,Olive,Summer,2012.0,Casual,Femella Women Olive Leggings,dados/fashion-dataset/images/25914.jpg
51582,Women,Apparel,Bottomwear,Jeggings,Black,Summer,2012.0,Casual,Wrangler Women Black Jeggings,dados/fashion-dataset/images/51582.jpg
34900,Women,Apparel,Topwear,Dupatta,Green,Summer,2012.0,Ethnic,Fabindia Women Printed Green Dupatta,dados/fashion-dataset/images/34900.jpg
52402,Women,Apparel,Loungewear and Nightwear,Nightdress,Lavender,Winter,2015.0,Casual,Red Rose Women Lavender Nightdress,dados/fashion-dataset/images/52402.jpg
28462,Women,Apparel,Bottomwear,Capris,Pink,Summer,2012.0,Casual,Urban Yoga Women Pink Capris,dados/fashion-dataset/images/28462.jpg
59980,Women,Apparel,Dress,Dresses,Black,Fall,2012.0,Casual,Avirate Black & Cream Dress,dados/fashion-dataset/images/59980.jpg
40275,Men,Apparel,Bottomwear,Trousers,Beige,Summer,2012.0,Casual,Scullers Men Beige Trousers,dados/fashion-dataset/images/40275.jpg
25889,Women,Apparel,Bottomwear,Leggings,Cream,Summer,2012.0,Casual,Femella Women Cream Leggings,dados/fashion-dataset/images/25889.jpg
33715,Women,Apparel,Bottomwear,Jeggings,Blue,Summer,2012.0,Casual,Pieces Women Blue Jeggings,dados/fashion-dataset/images/33715.jpg
49944,Men,Apparel,Loungewear and Nightwear,Lounge Shorts,Black,Summer,2016.0,Casual,Hanes Men Black Shorts,dados/fashion-dataset/images/49944.jpg
2268,Women,Apparel,Topwear,Sweatshirts,Grey,Fall,2010.0,Sports,Nike Grey Women Sweatshirt,dados/fashion-dataset/images/2268.jpg
46216,Women,Apparel,Dress,Dresses,Pink,Summer,2012.0,Casual,AND Women Pink Dress,dados/fashion-dataset/images/46216.jpg
28888,Women,Apparel,Innerwear,Briefs,Black,Summer,2012.0,Casual,Enamor Women Black Low-Rise Bikini Brief,dados/fashion-dataset/images/28888.jpg
30906,Women,Apparel,Topwear,Jackets,Maroon,Summer,2012.0,Ethnic,Fabindia Women Reversible Jacket,dados/fashion-dataset/images/30906.jpg
25775,Men,Apparel,Topwear,Suspenders,Black,Summer,2012.0,Formal,Lino Perros Men Black Suspenders,dados/fashion-dataset/images/25775.jpg
11587,Women,Apparel,Topwear,Kurtis,White,Summer,2011.0,Ethnic,W Women Printed White Kurtis,dados/fashion-dataset/images/11587.jpg
52512,Women,Apparel,Loungewear and Nightwear,Bath Robe,Red,Winter,2015.0,,Red Rose Red Striped Bath Robe,dados/fashion-dataset/images/52512.jpg
53818,Women,Apparel,Topwear,Kurtis,Pink,Fall,2012.0,Ethnic,Ayaany Women Pink Kurti,dados/fashion-dataset/images/53818.jpg
57087,Women,Apparel,Bottomwear,Skirts,Yellow,Summer,2012.0,Casual,Elle Women Yellow Skirt,dados/fashion-dataset/images/57087.jpg
39849,Girls,Apparel,Topwear,Tops,Blue,Summer,2012.0,Casual,Gini and Jony Girls Striped Blue Top,dados/fashion-dataset/images/39849.jpg
8020,Men,Apparel,Bottomwear,Track Pants,Black,Fall,2011.0,Sports,Fila Men's Single Tipped Woven Black Red Track Pant,dados/fashion-dataset/images/8020.jpg
3855,Girls,Apparel,Topwear,Tshirts,Red,Summer,2011.0,Casual,Disney Kids Girl's Red Pretty as a Flower Kidswear,dados/fashion-dataset/images/3855.jpg
31874,Women,Apparel,Topwear,Dupatta,Blue,Fall,2012.0,Ethnic,Fabindia Women Blue Dupatta,dados/fashion-dataset/images/31874.jpg
14307,Men,Apparel,Topwear,Sweatshirts,White,Fall,2011.0,Casual,ADIDAS Men Printed White Sweatshirts,dados/fashion-dataset/images/14307.jpg
18958,Men,Apparel,Topwear,Sweaters,Blue,Fall,2011.0,Casual,United Colors of Benetton Men Stripes Blue Sweater,dados/fashion-dataset/images/18958.jpg
27407,Women,Apparel,Bottomwear,Capris,Charcoal,Summer,2018.0,Casual,Jockey Women Charcoal Capris,dados/fashion-dataset/images/27407.jpg
47067,Women,Apparel,Bottomwear,Patiala,Purple,Fall,2012.0,Ethnic,Shree Women Purple Patiala,dados/fashion-dataset/images/47067.jpg
20058,Women,Apparel,Bottomwear,Stockings,Grey,Fall,2011.0,Casual,united Colors Of Benetton Women Grey Tight,dados/fashion-dataset/images/20058.jpg
56805,Women,Apparel,Apparel Set,Kurta Sets,Magenta,Summer,2012.0,Ethnic,Aneri Women Magenta Salwar Suit,dados/fashion-dataset/images/56805.jpg
47051,Women,Apparel,Bottomwear,Salwar,Multi,Summer,2012.0,Ethnic,Shree Women Multi Colored Jodhpuri Salwar,dados/fashion-dataset/images/47051.jpg
43919,Women,Apparel,Dress,Dresses,Navy Blue,Summer,2012.0,Casual,Femella Women Navy Blue Printed Dress,dados/fashion-dataset/images/43919.jpg
59706,Women,Apparel,Innerwear,Bra,Red,Summer,2014.0,Casual,Avirate Red & White Bra,dados/fashion-dataset/images/59706.jpg
43011,Men,Apparel,Innerwear,Boxers,Blue,Summer,2016.0,Casual,Probase Blue Printed Boxers,dados/fashion-dataset/images/43011.jpg
37527,Boys,Apparel,Topwear,Rompers,Blue,Summer,2012.0,Casual,Madagascar3 Infant Boys Light Blue Snapsuit Romper,dados/fashion-dataset/images/37527.jpg
15037,Women,Apparel,Topwear,Sweaters,Black,Fall,2011.0,Casual,ADIDAS Women Check Black Sweaters,dados/fashion-dataset/images/15037.jpg
17236,Men,Apparel,Topwear,Tshirts,Blue,Fall,2011.0,Casual,U.S. Polo Assn. Men Stripes Blue Polo Tshirt,dados/fashion-dataset/images/17236.jpg
9783,Men,Apparel,Topwear,Tshirts,White,Fall,2011.0,Casual,ADIDAS Men Bnce Hop White Tshirts,dados/fashion-dataset/images/9783.jpg
33207,Women,Apparel,Topwear,Tunics,Orange,Summer,2012.0,Casual,Sepia Women Jewel Box Orange Tunic,dados/fashion-dataset/images/33207.jpg
31101,Boys,Apparel,Topwear,Shirts,Black,Summer,2012.0,Casual,Gini and Jony Boys Check Black Shirt,dados/fashion-dataset/images/31101.jpg
56816,Men,Apparel,Topwear,Shirts,White,Summer,2012.0,Casual,John Players Men Blue Shirt,dados/fashion-dataset/images/56816.jpg
51592,Women,Apparel,Bottomwear,Jeggings,Black,Summer,2012.0,Casual,Wrangler Women Black Jeggings,dados/fashion-dataset/images/51592.jpg
19773,Women,Apparel,Bottomwear,Stockings,Grey,Fall,2011.0,Casual,United Colors of Benetton Women Grey Striped Tights,dados/fashion-dataset/images/19773.jpg
49952,Men,Apparel,Loungewear and Nightwear,Lounge Pants,Grey,Summer,2016.0,Casual,Hanes Men Grey Knitted Lounge Pants,dados/fashion-dataset/images/49952.jpg
52497,Women,Apparel,Loungewear and Nightwear,Bath Robe,Red,Winter,2015.0,Casual,Red Rose Women Red Bathrobe,dados/fashion-dataset/images/52497.jpg
16921,Men,Apparel,Bottomwear,Jeans,Blue,Fall,2011.0,Casual,Spykar Men Washed Blue Jeans,dados/fashion-dataset/images/16921.jpg
59662,Women,Apparel,Saree,Sarees,Multi,Fall,2012.0,Ethnic,FNF Multi Colour Evening Wear Sari,dados/fashion-dataset/images/59662.jpg
21373,Men,Apparel,Topwear,Sweatshirts,Black,Fall,2011.0,Casual,Manchester United Men Printed Black Sweatshirt,dados/fashion-dataset/images/21373.jpg
39808,Men,Apparel,Bottomwear,Trousers,Khaki,Spring,2013.0,Formal,Peter England Men Khaki Trousers,dados/fashion-dataset/images/39808.jpg
40598,Women,Apparel,Topwear,Kurtis,Pink,Summer,2012.0,Ethnic,Aurelia Women Pink Kurti,dados/fashion-dataset/images/40598.jpg
7167,Men,Apparel,Topwear,Shirts,Purple,Fall,2011.0,Casual,Scullers Men Scul Purple White Shirt,dados/fashion-dataset/images/7167.jpg
40412,Women,Apparel,Dress,Dresses,Pink,Summer,2012.0,Casual,Tonga Women Plum Dress,dados/fashion-dataset/images/40412.jpg
28879,Women,Apparel,Bottomwear,Leggings,Red,Summer,2012.0,Casual,BIBA OUTLET Women Red Leggings,dados/fashion-dataset/images/28879.jpg
30828,Women,Apparel,Bottomwear,Churidar,Rust,Summer,2012.0,Ethnic,Fabindia Women Rust Mangalgiri Churidar,dados/fashion-dataset/images/30828.jpg
43075,Women,Apparel,Bottomwear,Capris,Grey,Summer,2012.0,Sports,Nike Womens Grey Capris,dados/fashion-dataset/images/43075.jpg
42245,Women,Apparel,Topwear,Tops,Pink,Summer,2012.0,Casual,Sepia Women Pink Top,dados/fashion-dataset/images/42245.jpg
57976,Women,Apparel,Saree,Sarees,Pink,Summer,2012.0,Ethnic,Prafful Pink Printed Sari,dados/fashion-dataset/images/57976.jpg
56269,Men,Apparel,Loungewear and Nightwear,Night suits,Maroon,Summer,2016.0,Casual,SDL by Sweet Dreams Men Maroon Pyjama Set,dados/fashion-dataset/images/56269.jpg
21885,Women,Apparel,Topwear,Kurtas,Green,Fall,2011.0,Ethnic,BIBA Women Printed Green Kurta,dados/fashion-dataset/images/21885.jpg
35445,Girls,Apparel,Topwear,Tops,Pink,Summer,2012.0,Casual,Doodle Girls Pink Top,dados/fashion-dataset/images/35445.jpg
21119,Men,Apparel,Topwear,Sweaters,Black,Fall,2011.0,Casual,s.Oliver Men Black Sweater,dados/fashion-dataset/images/21119.jpg
59748,Women,Apparel,Loungewear and Nightwear,Nightdress,Cream,Summer,2017.0,Casual,Avirate Cream Nightdress,dados/fashion-dataset/images/59748.jpg
40352,Women,Apparel,Bottomwear,Jeans,Navy Blue,Summer,2012.0,Casual,Tokyo Talkies Women Navy Blue Slim Fit Jeans,dados/fashion-dataset/images/40352.jpg
52978,Women,Apparel,Saree,Sarees,Multi,Fall,2012.0,Ethnic,FNF Multi Coloured Sari,dados/fashion-dataset/images/52978.jpg
18960,Women,Apparel,Topwear,Sweatshirts,Blue,Fall,2011.0,Casual,United Colors of Benetton Women Solid Blue Sweatshirt,dados/fashion-dataset/images/18960.jpg
52511,Women,Apparel,Loungewear and Nightwear,Bath Robe,White,Winter,2015.0,Casual,Red Rose Women White & Blue Striped Bath Robes,dados/fashion-dataset/images/52511.jpg
30827,Women,Apparel,Bottomwear,Churidar,Orange,Summer,2012.0,Ethnic,Fabindia Women Orange Churidar,dados/fashion-dataset/images/30827.jpg
8758,Women,Apparel,Bottomwear,Capris,Black,Fall,2011.0,Sports,Puma Women Move Dance Black Capri,dados/fashion-dataset/images/8758.jpg
34258,Men,Apparel,Bottomwear,Tracksuits,Navy Blue,Summer,2013.0,Sports,Proline Men Navy Tracksuit,dados/fashion-dataset/images/34258.jpg
50993,Women,Apparel,Loungewear and Nightwear,Nightdress,Taupe,Summer,2017.0,Casual,Enamor Women Taupe Nightdress,dados/fashion-dataset/images/50993.jpg
28033,Men,Apparel,Innerwear,Briefs,Black,Summer,2016.0,Casual,Jockey ELANCE Men Black Y Front Briefs 1006,dados/fashion-dataset/images/28033.jpg
38823,Women,Apparel,Topwear,Shirts,Navy Blue,Fall,2012.0,Casual,Latin Quarters Women Navy Blue Shirt,dados/fashion-dataset/images/38823.jpg
36275,Women,Apparel,Loungewear and Nightwear,Night suits,Pink,Summer,2017.0,Casual,SDL by Sweet Dreams Women Pink Night suits,dados/fashion-dataset/images/36275.jpg
19485,Men,Apparel,Innerwear,Briefs,Grey,Summer,2016.0,Casual,Levis Men Jazz Stripes Grey Brief,dados/fashion-dataset/images/19485.jpg
28626,Men,Apparel,Bottomwear,Track Pants,Off White,Summer,2012.0,Sports,Nike Men Classic Fresher Off White Track Pants,dados/fashion-dataset/images/28626.jpg
11099,Women,Apparel,Bottomwear,Leggings,Black,Fall,2011.0,Ethnic,Scullers Women Solid Black Leggings,dados/fashion-dataset/images/11099.jpg
25759,Men,Apparel,Topwear,Suspenders,Black,Summer,2012.0,Formal,Lino Perros Men Black Suspenders,dados/fashion-dataset/images/25759.jpg
4462,Men,Apparel,Topwear,Jackets,Black,Summer,2011.0,Sports,Nike Men Track Black Jacket,dados/fashion-dataset/images/4462.jpg
56643,Women,Apparel,Topwear,Tunics,Blue,Summer,2012.0,Casual,Mumbai Slang Women Blue Tunic,dados/fashion-dataset/images/56643.jpg
53112,Men,Apparel,Topwear,Tshirts,Yellow,Summer,2012.0,Casual,Myntra Men Yellow T-shirt,dados/fashion-dataset/images/53112.jpg
28946,Women,Apparel,Topwear,Tunics,White,Summer,2012.0,Ethnic,BIBA OUTLET Women White Tunic,dados/fashion-dataset/images/28946.jpg
49783,Women,Apparel,Loungewear and Nightwear,Night suits,Grey Melange,Summer,2012.0,Casual,Little Miss Intimates Grey & Black Pyjama Set,dados/fashion-dataset/images/49783.jpg
42222,Women,Apparel,Topwear,Tunics,Grey,Summer,2012.0,Casual,Sepia Women Grey Tunic,dados/fashion-dataset/images/42222.jpg
47267,Men,Apparel,Innerwear,Briefs,Black,Summer,2016.0,Casual,FCUK Underwear Men Black Striped Brief,dados/fashion-dataset/images/47267.jpg
6866,Women,Apparel,Bottomwear,Leggings,Black,Summer,2011.0,Ethnic,Forever New Women Black Leggings,dados/fashion-dataset/images/6866.jpg
2851,Men,Apparel,Topwear,Tshirts,Blue,Summer,2011.0,Casual,Mr.Men Men's Just Mediating Mr.Lazy Blue T-shirt,dados/fashion-dataset/images/2851.jpg
49918,Women,Apparel,Saree,Sarees,Brown,Fall,2012.0,Ethnic,Fabindia Brown Printed Ajrakh Dhonekhali Saree,dados/fashion-dataset/images/49918.jpg
37585,Girls,Apparel,Topwear,Rompers,White,Summer,2012.0,Casual,Madagascar3 Infant Girls White Snapsuit Romper,dados/fashion-dataset/images/37585.jpg
21416,Women,Apparel,Topwear,Tops,Pink,Winter,2012.0,Casual,Roxy Women Pink Top,dados/fashion-dataset/images/21416.jpg
9156,Women,Apparel,Topwear,Tops,Purple,Fall,2011.0,Casual,Jealous 21 Women Lavender Purple Tops,dados/fashion-dataset/images/9156.jpg
50994,Women,Apparel,Innerwear,Bra,Black,Summer,2017.0,Casual,Enamor Black Smooth Bra,dados/fashion-dataset/images/50994.jpg
34914,Women,Apparel,Topwear,Dupatta,Olive,Summer,2012.0,Ethnic,Fabindia Printed Olive Dupatta,dados/fashion-dataset/images/34914.jpg
20218,Men,Apparel,Topwear,Sweaters,Charcoal,Fall,2011.0,Casual,Wrangler Men Rib Charcoal Sweater,dados/fashion-dataset/images/20218.jpg
34915,Women,Apparel,Topwear,Dupatta,Cream,Summer,2012.0,Ethnic,Fabindia Women Cream Dupatta,dados/fashion-dataset/images/34915.jpg
59744,Women,Apparel,Loungewear and Nightwear,Nightdress,Black,Summer,2012.0,Casual,Avirate Black Babydoll Nightdress,dados/fashion-dataset/images/59744.jpg
53554,Men,Apparel,Innerwear,Boxers,Multi,Summer,2016.0,Casual,Probase Multicoloured Printed Boxers,dados/fashion-dataset/images/53554.jpg
56224,Men,Apparel,Loungewear and Nightwear,Night suits,Grey,Summer,2016.0,Casual,SDL by Sweet Dreams Men Grey Pyjama Set,dados/fashion-dataset/images/56224.jpg
34274,Women,Apparel,Topwear,Dupatta,Off White,Summer,2012.0,Ethnic,Fabindia Women Printed Pink Dupatta,dados/fashion-dataset/images/34274.jpg
51386,Men,Apparel,Innerwear,Boxers,Grey,Summer,2012.0,Casual,Myntra Grey Printed Boxers,dados/fashion-dataset/images/51386.jpg
31415,Men,Apparel,Innerwear,Briefs,Navy Blue,Summer,2016.0,Casual,Spykar Men Navy Blue Trevor Brief,dados/fashion-dataset/images/31415.jpg
7511,Women,Apparel,Bottomwear,Track Pants,Navy Blue,Summer,2011.0,Sports,Nike Women Be Strong Navy Blue Pant,dados/fashion-dataset/images/7511.jpg
50027,Women,Apparel,Bottomwear,Leggings,Brown,Winter,2015.0,Casual,Hanes Women Brown ComfortSoft Waistband Cotton Stretch Full Leggings,dados/fashion-dataset/images/50027.jpg
52003,Women,Apparel,Loungewear and Nightwear,Lounge Tshirts,Black,Summer,2016.0,Casual,Inaya Women Black Lounge Top,dados/fashion-dataset/images/52003.jpg
24151,Women,Apparel,Topwear,Kurtas,Black,Fall,2011.0,Ethnic,Aurelia Women Black Printed Kurta,dados/fashion-dataset/images/24151.jpg
14081,Men,Apparel,Topwear,Sweaters,Green,Fall,2011.0,Casual,Flying Machine Men Solid Green Sweaters,dados/fashion-dataset/images/14081.jpg
12311,Men,Apparel,Topwear,Shirts,Blue,Fall,2011.0,Formal,Genesis Men Blue Shirt,dados/fashion-dataset/images/12311.jpg
59916,Women,Apparel,Topwear,Kurtas,Brown,Summer,2012.0,Ethnic,Diva Women Brown Kurta,dados/fashion-dataset/images/59916.jpg
43460,Women,Apparel,Loungewear and Nightwear,Night suits,Grey Melange,Summer,2017.0,Casual,SDL by Sweet Dreams Women Grey Melange Jumpsuit,dados/fashion-dataset/images/43460.jpg
19523,Men,Apparel,Topwear,Sweaters,Grey,Fall,2011.0,Casual,United Colors of Benetton Men Grey Sweater,dados/fashion-dataset/images/19523.jpg
9079,Men,Apparel,Bottomwear,Shorts,Black,Fall,2011.0,Sports,ADIDAS Men Adna 3s Shrt Kn Black Shorts,dados/fashion-dataset/images/9079.jpg
26483,Men,Apparel,Topwear,Tshirts,Blue,Summer,2012.0,Casual,Puma Men Blue T-shirt,dados/fashion-dataset/images/26483.jpg
27500,Women,Apparel,Innerwear,Camisoles,Blue,Winter,2015.0,Casual,Jockey Women Blue Camisole,dados/fashion-dataset/images/27500.jpg
51503,Women,Apparel,Bottomwear,Jeans,Blue,Summer,2012.0,Casual,Denizen Women Blue Jeans,dados/fashion-dataset/images/51503.jpg
54724,Women,Apparel,Apparel Set,Kurta Sets,Black,Fall,2012.0,Ethnic,Shree Women Black and Yellow Printed Patiala Kurta Set,dados/fashion-dataset/images/54724.jpg
15177,Men,Apparel,Topwear,Sweaters,Navy Blue,Fall,2011.0,Casual,Arrow Sport Men Solid Navy Blue Sweaters,dados/fashion-dataset/images/15177.jpg
36261,Men,Apparel,Loungewear and Nightwear,Night suits,Navy Blue,Summer,2016.0,Casual,SDL by Sweet Dreams Men Navy Blue Pyjama Set,dados/fashion-dataset/images/36261.jpg
28084,Men,Apparel,Innerwear,Briefs,Olive,Summer,2016.0,Casual,Jockey MODERN CLASSIC Men Olive Y Front Briefs 2007,dados/fashion-dataset/images/28084.jpg
36815,Women,Apparel,Topwear,Kurtas,Green,Summer,2012.0,Ethnic,Vishudh Women Olive Vishudh Kurta,dados/fashion-dataset/images/36815.jpg
28895,Women,Apparel,Innerwear,Briefs,Pink,Summer,2017.0,Casual,Enamor Women Pink Mid-Rise Bikini Brief,dados/fashion-dataset/images/28895.jpg
21910,Women,Apparel,Apparel Set,Kurta Sets,Red,Fall,2011.0,Ethnic,Biba Women Red Printed Churidar Kurta with Dupatta,dados/fashion-dataset/images/21910.jpg
33300,Men,Apparel,Bottomwear,Trousers,White,Summer,2012.0,Casual,Arrow Sport Men White Trousers,dados/fashion-dataset/images/33300.jpg
44917,Men,Apparel,Bottomwear,Track Pants,Blue,Summer,2012.0,Casual,Puma Men Blue Track Pants,dados/fashion-dataset/images/44917.jpg
42229,Women,Apparel,Topwear,Tunics,Green,Summer,2012.0,Casual,Sepia Women Green Tunic,dados/fashion-dataset/images/42229.jpg
50653,Men,Apparel,Loungewear and Nightwear,Lounge Shorts,Navy Blue,Winter,2016.0,Casual,Chromozome Men Navy Blue Lounge Shorts,dados/fashion-dataset/images/50653.jpg
30731,Girls,Apparel,Bottomwear,Salwar,Magenta,Summer,2012.0,Ethnic,Fabindia Girls Printed Magenta Salwar,dados/fashion-dataset/images/30731.jpg
28066,Men,Apparel,Innerwear,Trunk,Grey Melange,Summer,2016.0,Casual,Jockey ELANCE Mens Grey Melange Trunks 1015,dados/fashion-dataset/images/28066.jpg
47076,Women,Apparel,Bottomwear,Patiala,Black,Fall,2012.0,Ethnic,Shree Women Black Printed Patiala,dados/fashion-dataset/images/47076.jpg
42972,Women,Apparel,Bottomwear,Swimwear,Black,Winter,2015.0,Casual,Amante Black Swimsuit WCSD07,dados/fashion-dataset/images/42972.jpg
36279,Women,Apparel,Loungewear and Nightwear,Night suits,Pink,Summer,2017.0,Casual,SDL by Sweet Dreams Women Pink Night suits,dados/fashion-dataset/images/36279.jpg
50015,Men,Apparel,Innerwear,Innerwear Vests,White,Summer,2016.0,Casual,Hanes Men White Duo Dry Body Fit Crew T-shirt,dados/fashion-dataset/images/50015.jpg
33979,Women,Apparel,Bottomwear,Stockings,Black,Summer,2012.0,Casual,Femella Women Black Stockings,dados/fashion-dataset/images/33979.jpg
25786,Men,Apparel,Topwear,Suspenders,Black,Summer,2012.0,Formal,Arrow Men Black Suspenders,dados/fashion-dataset/images/25786.jpg
31308,Women,Apparel,Topwear,Kurtas,Black,Summer,2012.0,Ethnic,W Women Black Kurta,dados/fashion-dataset/images/31308.jpg
54714,Women,Apparel,Apparel Set,Kurta Sets,Charcoal,Summer,2012.0,Ethnic,Shree Women Charcoal Grey & Sea Green Printed Salwar Suit with Dupatta,dados/fashion-dataset/images/54714.jpg
27960,Men,Apparel,Innerwear,Trunk,Black,Summer,2018.0,Casual,Jockey SPORT PERFORMANCE Men Black Trunks SP08,dados/fashion-dataset/images/27960.jpg
47658,Women,Apparel,Bottomwear,Skirts,Purple,Summer,2012.0,Casual,Femella Women Purple & Black Skirt,dados/fashion-dataset/images/47658.jpg
12462,Men,Apparel,Topwear,Waistcoat,Brown,Fall,2011.0,Casual,Basics Men Brown Checked Waistcoat,dados/fashion-dataset/images/12462.jpg
51815,Women,Apparel,Innerwear,Bra,Black,Summer,2016.0,Casual,Bwitch Black Bra,dados/fashion-dataset/images/51815.jpg
22457,Women,Apparel,Bottomwear,Leggings,Cream,Fall,2011.0,Casual,Myntra Women Cream Leggings,dados/fashion-dataset/images/22457.jpg
54059,Women,Apparel,Bottomwear,Leggings,White,Summer,2010.0,Casual,Myntra Women White Leggings,dados/fashion-dataset/images/54059.jpg
25595,Women,Apparel,Apparel Set,Kurta Sets,Cream,Fall,2011.0,Ethnic,Vishudh Women Cream-Coloured Printed Churidar Kurta with Dupatta,dados/fashion-dataset/images/25595.jpg
12917,Men,Apparel,Topwear,Sweaters,White,Fall,2011.0,Casual,Spykar Men Stripe White Sweaters,dados/fashion-dataset/images/12917.jpg
28975,Women,Apparel,Apparel Set,Kurta Sets,Blue,Summer,2012.0,Ethnic,Biba Women Blue Churidar Kurta with Dupatta,dados/fashion-dataset/images/28975.jpg
4826,Men,Apparel,Bottomwear,Track Pants,Navy Blue,Summer,2011.0,Sports,ADIDAS Men's Woven Dark Navy White Track Pant,dados/fashion-dataset/images/4826.jpg
25789,Men,Apparel,Topwear,Suspenders,Black,Summer,2012.0,Formal,Arrow Men Black/Beige Suspenders,dados/fashion-dataset/images/25789.jpg
32590,Women,Apparel,Bottomwear,Shorts,Brown,Summer,2012.0,Casual,ONLY Women Brown Shorts,dados/fashion-dataset/images/32590.jpg
24166,Women,Apparel,Topwear,Kurtis,Navy Blue,Fall,2011.0,Ethnic,Aurelia Women Navy Blue Kurti,dados/fashion-dataset/images/24166.jpg
52427,Women,Apparel,Loungewear and Nightwear,Nightdress,Cream,Winter,2015.0,Casual,Red Rose Cream Nightdress,dados/fashion-dataset/images/52427.jpg
30739,Men,Apparel,Topwear,Nehru Jackets,Blue,Summer,2012.0,Ethnic,Fabindia Men Reversible Blue Sleeveless Jacket,dados/fashion-dataset/images/30739.jpg
49780,Women,Apparel,Loungewear and Nightwear,Night suits,Yellow,Summer,2012.0,Casual,Little Miss Intimates Yellow Pyjama Set,dados/fashion-dataset/images/49780.jpg
52983,Women,Apparel,Saree,Sarees,Maroon,Fall,2012.0,Ethnic,FNF Striped Multi Coloured Sari,dados/fashion-dataset/images/52983.jpg
42430,Women,Apparel,Topwear,Kurtis,Blue,Summer,2012.0,Ethnic,Aurelia Women Blue Kurta,dados/fashion-dataset/images/42430.jpg
12180,Men,Apparel,Topwear,Shirts,White,Fall,2011.0,Casual,Basics Men White Slim Fit Checked Shirt,dados/fashion-dataset/images/12180.jpg
36249,Men,Apparel,Loungewear and Nightwear,Night suits,White,Summer,2016.0,Casual,SDL by Sweet Dreams Men White & Grey Pyjama Set,dados/fashion-dataset/images/36249.jpg
23442,Women,Apparel,Topwear,Tunics,Orange,Fall,2011.0,Casual,Satya Paul Women Orange Printed Tunic,dados/fashion-dataset/images/23442.jpg
33963,Women,Apparel,Topwear,Tunics,Red,Summer,2012.0,Casual,Femella Women Red Tunic,dados/fashion-dataset/images/33963.jpg
50550,Men,Apparel,Innerwear,Boxers,Blue,Winter,2016.0,Casual,Chromozome Men Pack of 2 Assorted Boxers,dados/fashion-dataset/images/50550.jpg
4933,Women,Apparel,Dress,Dresses,Peach,Summer,2011.0,Casual,Gini and Jony Girl's Valerie Peach White Kidswear,dados/fashion-dataset/images/4933.jpg
38504,Girls,Apparel,Bottomwear,Skirts,Navy Blue,Summer,2012.0,Casual,Gini and Jony Girls Navy Blue Skirts,dados/fashion-dataset/images/38504.jpg
15601,Men,Apparel,Topwear,Jackets,Navy Blue,Fall,2011.0,Sports,Nike Men Football Soccer Navy Blue Jackets,dados/fashion-dataset/images/15601.jpg
35941,Women,Apparel,Bottomwear,Capris,Charcoal,Summer,2012.0,Casual,Flying Machine Women Viscose Charcoal Capris,dados/fashion-dataset/images/35941.jpg
39468,Women,Apparel,Topwear,Kurtis,Pink,Summer,2012.0,Ethnic,Diva Women Pink Kurti,dados/fashion-dataset/images/39468.jpg
59117,Men,Apparel,Topwear,Jackets,Black,Summer,2012.0,Casual,Just Natural Men Black & Grey Reversible Jacket,dados/fashion-dataset/images/59117.jpg
27990,Men,Apparel,Innerwear,Briefs,Charcoal,Summer,2016.0,Casual,Jockey ZONE Men Charcoal Zone Briefs US17,dados/fashion-dataset/images/27990.jpg
56229,Men,Apparel,Loungewear and Nightwear,Night suits,Black,Summer,2016.0,Casual,SDL by Sweet Dreams Men Brown Pyjama Set,dados/fashion-dataset/images/56229.jpg
18692,Men,Apparel,Innerwear,Trunk,Blue,Summer,2016.0,Casual,Hanes Men Blue Modern Duo Dry Cotton Stretch Trunks,dados/fashion-dataset/images/18692.jpg
25774,Men,Apparel,Topwear,Suspenders,Beige,Summer,2012.0,Formal,Lino Perros Men Beige Suspenders,dados/fashion-dataset/images/25774.jpg
42983,Men,Apparel,Innerwear,Boxers,Blue,Summer,2016.0,Casual,FCUK Blue Boxers,dados/fashion-dataset/images/42983.jpg
2118,Men,Apparel,Bottomwear,Track Pants,Black,Fall,2010.0,Sports,ADIDAS Men's Foamy Striped Track Pants,dados/fashion-dataset/images/2118.jpg
53740,Men,Apparel,Bottomwear,Track Pants,Grey,Summer,2012.0,Casual,ADIDAS Men Grey Track Pant,dados/fashion-dataset/images/53740.jpg
48486,Women,Apparel,Dress,Dresses,Green,Winter,2011.0,Casual,French Connection Women Green Dress,dados/fashion-dataset/images/48486.jpg
36282,Women,Apparel,Loungewear and Nightwear,Night suits,White,Summer,2017.0,Casual,SDL by Sweet Dreams Women White Night suits,dados/fashion-dataset/images/36282.jpg
19814,Men,Apparel,Topwear,Sweatshirts,Red,Fall,2011.0,Casual,U.S. Polo Assn. Men Solid Red Sweatshirt,dados/fashion-dataset/images/19814.jpg
49631,Women,Apparel,Dress,Dresses,Cream,Summer,2012.0,Casual,Mineral Cream Dress,dados/fashion-dataset/images/49631.jpg
34264,Women,Apparel,Topwear,Dupatta,Pink,Summer,2012.0,Ethnic,Fabindia Women Pink Chanderi Dupatta,dados/fashion-dataset/images/34264.jpg
52350,Women,Apparel,Loungewear and Nightwear,Nightdress,Blue,Winter,2015.0,Casual,Red Rose Women Blue Nightdress,dados/fashion-dataset/images/52350.jpg
2328,Men,Apparel,Topwear,Tshirts,White,Fall,2010.0,Casual,Reebok Men Graphic White T-shirt,dados/fashion-dataset/images/2328.jpg
15321,Men,Apparel,Topwear,Jackets,Black,Fall,2011.0,Casual,Nike Men Solid Black Jackets,dados/fashion-dataset/images/15321.jpg
33958,Women,Apparel,Bottomwear,Leggings,Blue,Summer,2012.0,Casual,Femella Women Blue Leggings,dados/fashion-dataset/images/33958.jpg
30942,Women,Apparel,Topwear,Kurtis,Green,Summer,2012.0,Ethnic,Fabindia Women Printed Green Kurtis,dados/fashion-dataset/images/30942.jpg
59745,Women,Apparel,Loungewear and Nightwear,Nightdress,Cream,Summer,2014.0,Casual,Avirate Cream Babydoll Nightdress,dados/fashion-dataset/images/59745.jpg
18391,Men,Apparel,Innerwear,Briefs,White,Summer,2016.0,Casual,Undercolors of Benetton Men Pack of 2 White V-Briefs,dados/fashion-dataset/images/18391.jpg
28896,Women,Apparel,Innerwear,Briefs,Maroon,Summer,2017.0,Casual,Enamor Women Maroon Mid-Rise Bikini Brief,dados/fashion-dataset/images/28896.jpg
55818,Women,Apparel,Loungewear and Nightwear,Night suits,White,Summer,2017.0,Casual,SDL by Sweet Dreams Women White Printed Night Suit S11-3229,dados/fashion-dataset/images/55818.jpg
18697,Men,Apparel,Innerwear,Briefs,Blue,Summer,2016.0,Casual,Hanes Men Blue Ultimate Duo Dry Cotton Stretch Bikini Briefs,dados/fashion-dataset/images/18697.jpg
43432,Women,Apparel,Topwear,Tunics,Mustard,Summer,2012.0,Casual,Global Desi Women Mustard Tunic,dados/fashion-dataset/images/43432.jpg
43655,Women,Apparel,Dress,Jumpsuit,Multi,Summer,2012.0,Casual,ONLY Women Multi Coloured Short Jumpsuit,dados/fashion-dataset/images/43655.jpg
50642,Men,Apparel,Innerwear,Innerwear Vests,Red,Winter,2016.0,Casual,Chromozome Men Red Innerwear Vest,dados/fashion-dataset/images/50642.jpg
54686,Women,Apparel,Apparel Set,Kurta Sets,Yellow,Fall,2012.0,Ethnic,Shree Women Yellow & Brown Printed Salwar Suit with Dupatta,dados/fashion-dataset/images/54686.jpg
50671,Men,Apparel,Loungewear and Nightwear,Lounge Pants,Charcoal,Fall,2016.0,Sports,Chromozome Men Charcoal Melange Ranger Lounge Pants S-5429,dados/fashion-dataset/images/50671.jpg
11616,Women,Apparel,Topwear,Kurtas,Green,Summer,2011.0,Ethnic,W Women Solid Green Kurtas,dados/fashion-dataset/images/11616.jpg
4983,Women,Apparel,Dress,Dresses,White,Summer,2011.0,Casual,Palm Tree Girl's Blenda White Pink Kidswear,dados/fashion-dataset/images/4983.jpg
10002,Women,Apparel,Bottomwear,Skirts,Blue,Summer,2011.0,Casual,Palm Tree Kids Sp Jema Skt Blue Skirts,dados/fashion-dataset/images/10002.jpg
50874,Women,Apparel,Saree,Sarees,Purple,Fall,2012.0,Ethnic,Prafful Purple & Green Printed Sari,dados/fashion-dataset/images/50874.jpg
47078,Women,Apparel,Bottomwear,Patiala,Multi,Fall,2012.0,Ethnic,Shree Women Multi Colored Patiala,dados/fashion-dataset/images/47078.jpg
40931,Girls,Apparel,Bottomwear,Leggings,Blue,Summer,2012.0,Casual,Gini and Jony Girls Happy Style Blue Leggings,dados/fashion-dataset/images/40931.jpg
49931,Men,Apparel,Innerwear,Trunk,White,Summer,2016.0,Casual,Hanes Men White Trunks,dados/fashion-dataset/images/49931.jpg
52391,Women,Apparel,Loungewear and Nightwear,Nightdress,Lavender,Winter,2015.0,Casual,Red Rose Women Lavender Nightdress,dados/fashion-dataset/images/52391.jpg
21135,Women,Apparel,Topwear,Sweaters,Purple,Fall,2011.0,Casual,s.Oliver Women Solid Purple Sweater,dados/fashion-dataset/images/21135.jpg
31274,Men,Apparel,Topwear,Tshirts,Navy Blue,Summer,2012.0,Casual,Puma Men Calogne Graphic Navy Blue T-shirt,dados/fashion-dataset/images/31274.jpg
9144,Women,Apparel,Bottomwear,Jeans,Blue,Summer,2013.0,Casual,Lee Women Scraped Blue Roxy Fit Jeans,dados/fashion-dataset/images/9144.jpg
28150,Men,Apparel,Innerwear,Innerwear Vests,White,Winter,2016.0,Casual,Jockey SPORT Men White Innerwear Vest 9924,dados/fashion-dataset/images/28150.jpg
31871,Women,Apparel,Topwear,Dupatta,Blue,Summer,2012.0,Ethnic,Fabindia Women Blue Chanderi Dupatta,dados/fashion-dataset/images/31871.jpg
47066,Women,Apparel,Bottomwear,Patiala,Teal,Fall,2012.0,Ethnic,Shree Women Teal Printed Patiala,dados/fashion-dataset/images/47066.jpg
40932,Girls,Apparel,Bottomwear,Leggings,Blue,Summer,2012.0,Casual,Gini and Jony Girls Happy Style Blue Leggings,dados/fashion-dataset/images/40932.jpg
58668,Women,Apparel,Topwear,Kurtas,Multi,Summer,2012.0,Ethnic,ALayna Women Multi Coloured Kurta,dados/fashion-dataset/images/58668.jpg
42681,Women,Apparel,Topwear,Kurtas,Blue,Summer,2012.0,Ethnic,Alma Women Blue Kurta,dados/fashion-dataset/images/42681.jpg
32581,Women,Apparel,Dress,Dresses,Pink,Summer,2012.0,Casual,ONLY Women Pink Dotted Print Dress,dados/fashion-dataset/images/32581.jpg
21584,Men,Apparel,Bottomwear,Jeans,Blue,Summer,2011.0,Casual,Locomotive Men Washed Blue Jeans,dados/fashion-dataset/images/21584.jpg
58694,Women,Apparel,Topwear,Kurtas,Green,Summer,2012.0,Ethnic,ALayna Women Green Kurta,dados/fashion-dataset/images/58694.jpg
52464,Women,Apparel,Loungewear and Nightwear,Nightdress,Red,Winter,2015.0,Casual,Red Rose Red & Black Nightdress,dados/fashion-dataset/images/52464.jpg
28777,Women,Apparel,Topwear,Kurtis,Blue,Summer,2012.0,Ethnic,Aurelia Women Printed Blue Kurti,dados/fashion-dataset/images/28777.jpg
37523,Boys,Apparel,Topwear,Rompers,Yellow,Summer,2012.0,Casual,Madagascar3 Infant Boys Lemon Yellow Snapsuit Romper,dados/fashion-dataset/images/37523.jpg
25778,Men,Apparel,Topwear,Suspenders,Blue,Summer,2012.0,Formal,Arrow Men Blue Suspenders,dados/fashion-dataset/images/25778.jpg
30824,Women,Apparel,Bottomwear,Churidar,Grey,Summer,2012.0,Ethnic,Fabindia Women Grey Mangalgiri Churidar,dados/fashion-dataset/images/30824.jpg
20786,Men,Apparel,Topwear,Sweatshirts,White,Fall,2011.0,Casual,Classic Polo Men Striped White Sweatshirt,dados/fashion-dataset/images/20786.jpg
13994,Men,Apparel,Topwear,Jackets,Black,Fall,2011.0,Sports,Nike Men Solid Black Jackets,dados/fashion-dataset/images/13994.jpg
43924,Women,Apparel,Topwear,Tops,Grey,Summer,2012.0,Casual,Femella Women Grey Top,dados/fashion-dataset/images/43924.jpg
22483,Women,Apparel,Topwear,Kurtis,Yellow,Summer,2011.0,Ethnic,Global Desi Women Yellow Printed Kurti,dados/fashion-dataset/images/22483.jpg
51978,Women,Apparel,Loungewear and Nightwear,Lounge Pants,Black,Summer,2017.0,Casual,Inaya Women Black Lounge Pants,dados/fashion-dataset/images/51978.jpg
19012,Women,Apparel,Topwear,Jackets,Pink,Summer,2011.0,Casual,ADIDAS Originals Women Supergirl TT Pink Jacket,dados/fashion-dataset/images/19012.jpg
39130,Women,Apparel,Bottomwear,Leggings,Grey,Fall,2012.0,Casual,Aneri Women Grey Leggings,dados/fashion-dataset/images/39130.jpg
34001,Women,Apparel,Topwear,Tops,Brown,Summer,2012.0,Casual,Femella Women Brown Top,dados/fashion-dataset/images/34001.jpg
43510,Women,Apparel,Dress,Dresses,Maroon,Fall,2012.0,Casual,French Connection Women Maroon Knitted Dress,dados/fashion-dataset/images/43510.jpg
36260,Men,Apparel,Loungewear and Nightwear,Night suits,Grey,Summer,2016.0,Casual,SDL by Sweet Dreams Men Grey & Black Pyjama Set,dados/fashion-dataset/images/36260.jpg
41004,Girls,Apparel,Bottomwear,Skirts,Navy Blue,Summer,2012.0,Casual,Gini and Jony Girls Woven Navy Blue Skirts,dados/fashion-dataset/images/41004.jpg
34939,Women,Apparel,Topwear,Dupatta,Cream,Summer,2012.0,Ethnic,Fabindia Off White Chanderi Dupatta,dados/fashion-dataset/images/34939.jpg
43469,Women,Apparel,Loungewear and Nightwear,Night suits,Brown,Summer,2017.0,Casual,SDL by Sweet Dreams Women Printed Brown Night suits,dados/fashion-dataset/images/43469.jpg
47064,Women,Apparel,Bottomwear,Patiala,Orange,Summer,2012.0,Ethnic,Shree Women Orange & Red Patiala,dados/fashion-dataset/images/47064.jpg
31126,Girls,Apparel,Dress,Dresses,White,Summer,2012.0,Casual,Gini and Jony Girls White Dress,dados/fashion-dataset/images/31126.jpg
19680,Women,Apparel,Topwear,Sweatshirts,Magenta,Summer,2011.0,Casual,United Colors of Benetton Women Solid Magenta Sweatshirt,dados/fashion-dataset/images/19680.jpg
54722,Women,Apparel,Apparel Set,Kurta Sets,Yellow,Fall,2012.0,Ethnic,Shree Women Yellow & Red Printed Salwar Suit with Dupatta,dados/fashion-dataset/images/54722.jpg
15082,Women,Apparel,Topwear,Kurtis,Green,Fall,2011.0,Ethnic,Mother Earth Women Printed Green Kurtis,dados/fashion-dataset/images/15082.jpg
28002,Men,Apparel,Innerwear,Briefs,Grey,Summer,2016.0,Casual,Jockey ZONE Men Grey Tanga Brief US18,dados/fashion-dataset/images/28002.jpg
9160,Men,Apparel,Bottomwear,Jeans,Grey,Fall,2011.0,Casual,Locomotive Men Cal Grey Jeans,dados/fashion-dataset/images/9160.jpg
42974,Women,Apparel,Bottomwear,Swimwear,Brown,Winter,2015.0,Casual,Amante Brown Swimsuit WFSD06,dados/fashion-dataset/images/42974.jpg
38932,Girls,Apparel,Bottomwear,Leggings,Pink,Summer,2012.0,Casual,Gini and Jony Girls Pink Leggings,dados/fashion-dataset/images/38932.jpg
13613,Men,Apparel,Innerwear,Innerwear Vests,Red,Summer,2016.0,Casual,Hanes Men Sleeveless V Neck Red Innerwear T-shirt,dados/fashion-dataset/images/13613.jpg
34907,Women,Apparel,Topwear,Dupatta,Red,Summer,2012.0,Ethnic,Fabindia Red Hand Printed Kota Dupatta,dados/fashion-dataset/images/34907.jpg
11028,Women,Apparel,Topwear,Tunics,Blue,Fall,2011.0,Casual,Wrangler Women Blue Kangroo Pocket Tunic,dados/fashion-dataset/images/11028.jpg
15557,Men,Apparel,Topwear,Sweaters,Blue,Fall,2011.0,Casual,Spykar Men Stripes Blue Sweaters,dados/fashion-dataset/images/15557.jpg
59112,Men,Apparel,Topwear,Jackets,Olive,Summer,2012.0,Casual,Just Natural Men Olive Jacket,dados/fashion-dataset/images/59112.jpg
43466,Women,Apparel,Loungewear and Nightwear,Night suits,Pink,Summer,2017.0,Casual,SDL by Sweet Dreams Women Pink Night suits,dados/fashion-dataset/images/43466.jpg
46390,Men,Apparel,Bottomwear,Shorts,Blue,Summer,2012.0,Casual,ADIDAS Men Blue Cargo Shorts,dados/fashion-dataset/images/46390.jpg
48392,Men,Apparel,Bottomwear,Trousers,Navy Blue,Summer,2012.0,Casual,French Connection Men Navy Blue Trousers,dados/fashion-dataset/images/48392.jpg
34270,Women,Apparel,Topwear,Dupatta,Off White,Summer,2012.0,Ethnic,Fabindia Women Printed Off White Dupatta,dados/fashion-dataset/images/34270.jpg
25930,Women,Apparel,Bottomwear,Skirts,Black,Summer,2012.0,Casual,Femella Women Black Skirt,dados/fashion-dataset/images/25930.jpg
52299,Men,Apparel,Innerwear,Boxers,Red,Summer,2016.0,Casual,Crusoe Men Red Printed Get Away Boxers R09,dados/fashion-dataset/images/52299.jpg
31130,Girls,Apparel,Dress,Dresses,Pink,Summer,2012.0,Casual,Gini and Jony Girls Printed Pink Dress,dados/fashion-dataset/images/31130.jpg
48468,Women,Apparel,Dress,Dresses,Mauve,Summer,2012.0,Casual,French Connection Mauve Dress,dados/fashion-dataset/images/48468.jpg
13826,Men,Apparel,Topwear,Sweaters,Navy Blue,Fall,2011.0,Casual,Indigo Nation Men Stripes Navy Blue Sweaters,dados/fashion-dataset/images/13826.jpg
46744,Women,Apparel,Bottomwear,Capris,Black,Summer,2012.0,Sports,Nike Women Black Capris,dados/fashion-dataset/images/46744.jpg
12070,Women,Apparel,Topwear,Kurtas,White,Fall,2011.0,Ethnic,W Women Printed White Kurtas,dados/fashion-dataset/images/12070.jpg
13578,Men,Apparel,Innerwear,Innerwear Vests,Red,Summer,2016.0,Casual,Hanes Men Pack of 2 Half Contrast Piping Ringer T-shirts,dados/fashion-dataset/images/13578.jpg
30510,Women,Apparel,Innerwear,Bra,White,Summer,2014.0,Casual,Lovable Women Spice White Bra,dados/fashion-dataset/images/30510.jpg
14714,Men,Apparel,Bottomwear,Trousers,Navy Blue,Fall,2011.0,Formal,Genesis Men Solid Navy Blue Trousers,dados/fashion-dataset/images/14714.jpg
34262,Women,Apparel,Topwear,Dupatta,Green,Summer,2012.0,Ethnic,Fabindia Women Green Chanderi Dupatta,dados/fashion-dataset/images/34262.jpg
50605,Men,Apparel,Innerwear,Innerwear Vests,White,Winter,2016.0,Casual,Chromozome Men White Pack of 2 Innerwear Vests,dados/fashion-dataset/images/50605.jpg
23186,Men,Apparel,Topwear,Shirts,Black,Fall,2011.0,Formal,Black Coffee Men Grey and Black Shirt,dados/fashion-dataset/images/23186.jpg
9141,Women,Apparel,Bottomwear,Jeans,Blue,Summer,2013.0,Casual,Lee Women Blue Cherrie Slim Fit Jeans,dados/fashion-dataset/images/9141.jpg
14993,Men,Apparel,Topwear,Sweaters,Grey,Fall,2011.0,Casual,ADIDAS Men Stripes Grey Sweaters,dados/fashion-dataset/images/14993.jpg
43467,Women,Apparel,Loungewear and Nightwear,Night suits,Blue,Summer,2017.0,Casual,SDL by Sweet Dreams Women Blue Night suits,dados/fashion-dataset/images/43467.jpg
40437,Women,Apparel,Topwear,Kurtas,Brown,Summer,2012.0,Ethnic,La-Emotio Women Brown Kurta,dados/fashion-dataset/images/40437.jpg
23148,Women,Apparel,Topwear,Sweatshirts,Green,Fall,2011.0,Casual,Quechua Women Fleece Green Sweatshirt,dados/fashion-dataset/images/23148.jpg
34917,Women,Apparel,Topwear,Dupatta,Blue,Summer,2012.0,Ethnic,Fabindia Blue Dupatta,dados/fashion-dataset/images/34917.jpg
28717,Women,Apparel,Topwear,Kurtas,Purple,Summer,2012.0,Ethnic,W Women Printed Purple Kurta,dados/fashion-dataset/images/28717.jpg
58800,Men,Apparel,Topwear,Shirts,Navy Blue,Fall,2012.0,Casual,Highlander Men Blue Check Shirt,dados/fashion-dataset/images/58800.jpg
52519,Women,Apparel,Loungewear and Nightwear,Baby Dolls,White,Winter,2015.0,Casual,Red Rose White Nightdress,dados/fashion-dataset/images/52519.jpg
27412,Women,Apparel,Loungewear and Nightwear,Lounge Pants,Charcoal,Summer,2018.0,Casual,Jockey Women Charcoal Grey Lounge Pants,dados/fashion-dataset/images/27412.jpg
6935,Men,Apparel,Topwear,Tshirts,Blue,Summer,2011.0,Casual,Tantra Men's Cool Blue T-shirt,dados/fashion-dataset/images/6935.jpg
19519,Men,Apparel,Topwear,Sweaters,Black,Fall,2011.0,Casual,United Colors of Benetton Men Stripes Black Sweater,dados/fashion-dataset/images/19519.jpg
39147,Women,Apparel,Apparel Set,Kurta Sets,Purple,Fall,2012.0,Ethnic,Aneri Women Purple Salwar Suit,dados/fashion-dataset/images/39147.jpg
11093,Women,Apparel,Topwear,Sweaters,White,Fall,2011.0,Casual,Scullers Women Knit White Sweaters,dados/fashion-dataset/images/11093.jpg
30610,Men,Apparel,Bottomwear,Shorts,Black,Summer,2012.0,Sports,Nike Men Black Shorts,dados/fashion-dataset/images/30610.jpg
18289,Women,Apparel,Topwear,Kurtis,Blue,Fall,2011.0,Ethnic,Aneri Women Habiba Blue Kurti,dados/fashion-dataset/images/18289.jpg
12150,Women,Apparel,Topwear,Kurtis,Red,Fall,2011.0,Ethnic,Aurelia Women Printed Red Kurtis,dados/fashion-dataset/images/12150.jpg
54721,Women,Apparel,Apparel Set,Kurta Sets,White,Fall,2012.0,Ethnic,Shree Women White and Blue Printed Patiala Kurta Set,dados/fashion-dataset/images/54721.jpg
1658,Men,Apparel,Topwear,Jackets,Blue,Fall,2012.0,Sports,Nike Men Windrunner Blue Jacket,dados/fashion-dataset/images/1658.jpg
6579,Men,Apparel,Bottomwear,Shorts,Navy Blue,Fall,2012.0,Sports,Nike Men Woven Navy Blue 3/4 Pants,dados/fashion-dataset/images/6579.jpg
3464,Unisex,Apparel,Apparel Set,Swimwear,Blue,Winter,2010.0,Sports,ADIDAS Kid's Light Aqua Swimming Cap,dados/fashion-dataset/images/3464.jpg
26160,Men,Apparel,Bottomwear,Trousers,Navy Blue,Summer,2012.0,Formal,John Miller Men  Navy Blue Trouser,dados/fashion-dataset/images/26160.jpg
19339,Men,Apparel,Topwear,Jackets,Black,Fall,2011.0,Casual,United Colors of Benetton Men Solid Black Jacket,dados/fashion-dataset/images/19339.jpg
37538,Boys,Apparel,Socks,Booties,Blue,Summer,2012.0,Casual,Madagascar 3 Infant Boys Blue Booties,dados/fashion-dataset/images/37538.jpg
42348,Women,Apparel,Bottomwear,Trousers,Charcoal,Summer,2012.0,Casual,Flying Machine Women Back Trousers,dados/fashion-dataset/images/42348.jpg
27129,Women,Apparel,Innerwear,Bra,White,Summer,2017.0,Casual,Miss-T White Bra,dados/fashion-dataset/images/27129.jpg
33160,Women,Apparel,Topwear,Tunics,Blue,Summer,2012.0,Casual,Sepia Women Hip Street Blue Tunic,dados/fashion-dataset/images/33160.jpg
50908,Women,Apparel,Saree,Sarees,Navy Blue,Fall,2012.0,Ethnic,Prafful Navy Blue Crepe Printed Sari,dados/fashion-dataset/images/50908.jpg
17897,Men,Apparel,Topwear,Jackets,Black,Fall,2011.0,Sports,Nike Men Football Soccer Black Jacket,dados/fashion-dataset/images/17897.jpg
23053,Women,Apparel,Topwear,Tops,Purple,Fall,2011.0,Casual,Arrow Woman Purple Printed Top,dados/fashion-dataset/images/23053.jpg
50869,Women,Apparel,Saree,Sarees,Red,Fall,2012.0,Ethnic,Prafful Red & Black Printed Sari,dados/fashion-dataset/images/50869.jpg
23241,Women,Apparel,Topwear,Kurtis,Blue,Fall,2011.0,Ethnic,Aneri Women Juhi Blue Kurti,dados/fashion-dataset/images/23241.jpg
37524,Boys,Apparel,Topwear,Rompers,Blue,Summer,2012.0,Casual,Madagascar3 Infant Boys Light Blue Snapsuit Romper,dados/fashion-dataset/images/37524.jpg
33982,Women,Apparel,Bottomwear,Stockings,Black,Summer,2012.0,Casual,Femella Women Black Stockings,dados/fashion-dataset/images/33982.jpg
25788,Men,Apparel,Topwear,Suspenders,Beige,Summer,2012.0,Formal,Arrow Men Beige Suspenders,dados/fashion-dataset/images/25788.jpg
41393,Men,Apparel,Topwear,Shirts,Purple,Summer,2012.0,Casual,Wrangler Men Purple Shirt,dados/fashion-dataset/images/41393.jpg
50658,Men,Apparel,Loungewear and Nightwear,Lounge Shorts,Charcoal,Winter,2016.0,Casual,Chromozome Men Charcoal Lounge Shorts,dados/fashion-dataset/images/50658.jpg
43679,Women,Apparel,Dress,Jumpsuit,Orange,Summer,2012.0,Casual,French Connection Women Orange Playsuit,dados/fashion-dataset/images/43679.jpg
59382,Women,Apparel,Topwear,Kurtas,Blue,Summer,2012.0,Ethnic,Vishudh Women Blue Printed Kurta,dados/fashion-dataset/images/59382.jpg
31457,Men,Apparel,Bottomwear,Shorts,Black,Summer,2012.0,Sports,Nike Men Running Black Shorts,dados/fashion-dataset/images/31457.jpg
12108,Women,Apparel,Topwear,Kurtis,Blue,Fall,2011.0,Ethnic,W Women Printed Pink Kurtis,dados/fashion-dataset/images/12108.jpg
59634,Women,Apparel,Saree,Sarees,Green,Fall,2012.0,Ethnic,FNF Green & Red Collection For Wedding Sari,dados/fashion-dataset/images/59634.jpg
30899,Women,Apparel,Loungewear and Nightwear,Lounge Pants,Navy Blue,Summer,2012.0,Casual,Fabindia Women Navy Blue Salwar,dados/fashion-dataset/images/30899.jpg
13240,Men,Apparel,Topwear,Jackets,White,Fall,2011.0,Casual,Palm Tree Kids Boys Solid White Jackets,dados/fashion-dataset/images/13240.jpg
17886,Men,Apparel,Innerwear,Innerwear Vests,White,Summer,2016.0,Casual,Levis Men Comfort Style White Innerwear Vest,dados/fashion-dataset/images/17886.jpg
24168,Women,Apparel,Topwear,Kurtis,Orange,Fall,2011.0,Ethnic,Aurelia Women Orange Striped Kurti,dados/fashion-dataset/images/24168.jpg
1582,Unisex,Apparel,Bottomwear,Swimwear,Black,Summer,2011.0,Sports,Nabaiji Unisex Black Silicone Swimming Cap,dados/fashion-dataset/images/1582.jpg
33283,Boys,Apparel,Bottomwear,Jeans,Black,Summer,2012.0,Casual,Gini and Jony Boys Black Jeans,dados/fashion-dataset/images/33283.jpg
50970,Women,Apparel,Innerwear,Bra,Purple,Summer,2017.0,Casual,Enamor Women Purple Bra,dados/fashion-dataset/images/50970.jpg
2697,Girls,Apparel,Dress,Dresses,Blue,Summer,2011.0,Casual,Disney Kids Girl's Blue Pooh Kidswear,dados/fashion-dataset/images/2697.jpg
41313,Women,Apparel,Bottomwear,Leggings,White,Summer,2012.0,Ethnic,Aurelia Women White Leggings,dados/fashion-dataset/images/41313.jpg
18002,Women,Apparel,Bottomwear,Capris,Black,Summer,2011.0,Sports,Puma Women Essential Skinny Black 3/4 Pant,dados/fashion-dataset/images/18002.jpg
39765,Women,Apparel,Bottomwear,Trousers,Olive,Summer,2012.0,Casual,Arrow Woman Olive Trousers,dados/fashion-dataset/images/39765.jpg
28473,Women,Apparel,Topwear,Tops,Turquoise Blue,Summer,2012.0,Casual,Urban Yoga Women Printed Turquoise Blue Top,dados/fashion-dataset/images/28473.jpg
33280,Unisex,Apparel,Bottomwear,Jeans,Blue,Summer,2012.0,Casual,Gini and Jony Kids Unisex Blue Jeans,dados/fashion-dataset/images/33280.jpg
20915,Men,Apparel,Bottomwear,Jeans,Blue,Fall,2011.0,Casual,Deni Yo Men Washed Blue Jeans,dados/fashion-dataset/images/20915.jpg
20341,Men,Apparel,Topwear,Sweatshirts,Grey,Fall,2011.0,Casual,Proline Men Solid Grey Sweatshirt,dados/fashion-dataset/images/20341.jpg
5009,Women,Apparel,Topwear,Tops,Blue,Summer,2011.0,Casual,Gini and Jony Girl's Pacey Blue Kidswear,dados/fashion-dataset/images/5009.jpg
22330,Men,Apparel,Topwear,Tshirts,White,Fall,2011.0,Casual,John Players Men Stripes White T-Shirt,dados/fashion-dataset/images/22330.jpg
8937,Men,Apparel,Bottomwear,Trousers,Brown,Summer,2011.0,Formal,Scullers Men Scul Brown Trousers,dados/fashion-dataset/images/8937.jpg
50514,Men,Apparel,Innerwear,Trunk,Grey Melange,Winter,2016.0,Casual,Chromozome Men Grey Melange Trunks,dados/fashion-dataset/images/50514.jpg
30943,Women,Apparel,Topwear,Kurtis,Black,Summer,2012.0,Ethnic,Fabindia Women Black Silk Kurti,dados/fashion-dataset/images/30943.jpg
52045,Unisex,Apparel,Topwear,Rain Jacket,Black,Summer,2012.0,,Just Natural Unisex Black and Grey Reversible Rain Jacket,dados/fashion-dataset/images/52045.jpg
53025,Women,Apparel,Saree,Sarees,Multi,Fall,2012.0,Ethnic,FNF Multi Coloured Sari,dados/fashion-dataset/images/53025.jpg
47042,Women,Apparel,Bottomwear,Salwar,Maroon,Summer,2012.0,Ethnic,Shree Women Maroon Jodhpuri Salwar,dados/fashion-dataset/images/47042.jpg
50575,Men,Apparel,Innerwear,Trunk,Grey Melange,Summer,2016.0,Casual,Chromozome Men Grey Trunks,dados/fashion-dataset/images/50575.jpg
44791,Men,Apparel,Innerwear,Boxers,Blue,Summer,2016.0,Casual,Calvin Klein Mens blue Boxers,dados/fashion-dataset/images/44791.jpg
25907,Women,Apparel,Dress,Dresses,Purple,Summer,2012.0,Casual,Femella Women Purple Dress,dados/fashion-dataset/images/25907.jpg
28974,Women,Apparel,Apparel Set,Kurta Sets,Blue,Summer,2012.0,Ethnic,Biba Women Blue & Green Printed Churidar Kurta with Dupatta,dados/fashion-dataset/images/28974.jpg
51030,Women,Apparel,Innerwear,Bra,Purple,Summer,2017.0,Casual,Enamor Mulberry Purple Coloured Bra,dados/fashion-dataset/images/51030.jpg
30898,Women,Apparel,Bottomwear,Salwar,Black,Summer,2012.0,Ethnic,Fabindia Women Black Salwar,dados/fashion-dataset/images/30898.jpg
51981,Women,Apparel,Loungewear and Nightwear,Lounge Tshirts,Black,Summer,2016.0,Casual,Inaya Women Black Lounge Top,dados/fashion-dataset/images/51981.jpg
57084,Women,Apparel,Bottomwear,Skirts,Blue,Summer,2012.0,Casual,Elle Women Blue Skirt,dados/fashion-dataset/images/57084.jpg
28881,Women,Apparel,Innerwear,Briefs,Pink,Summer,2014.0,Casual,Enamor Women Pink Mid-Rise Bikini Brief,dados/fashion-dataset/images/28881.jpg
17620,Girls,Apparel,Bottomwear,Leggings,Red,Fall,2011.0,Casual,Doodle Girls Red Leggings,dados/fashion-dataset/images/17620.jpg
49946,Men,Apparel,Loungewear and Nightwear,Lounge Shorts,Navy Blue,Summer,2016.0,Casual,Hanes Men Navy Blue Shorts,dados/fashion-dataset/images/49946.jpg
34297,Women,Apparel,Topwear,Dupatta,Gold,Summer,2012.0,Ethnic,Fabindia Women Gold Tussar Dupatta,dados/fashion-dataset/images/34297.jpg
45088,Women,Apparel,Innerwear,Bra,Peach,Winter,2015.0,Casual,Bwitch Peach Precious Bra,dados/fashion-dataset/images/45088.jpg
53027,Women,Apparel,Saree,Sarees,Multi,Fall,2012.0,Ethnic,FNF Multi Coloured Printed Sari,dados/fashion-dataset/images/53027.jpg
21663,Women,Apparel,Innerwear,Bra,White,Summer,2014.0,Casual,Enamor Women White Smooth Bra,dados/fashion-dataset/images/21663.jpg
50690,Men,Apparel,Innerwear,Trunk,Black,Summer,2016.0,Casual,Chromozome Men Black Trunks,dados/fashion-dataset/images/50690.jpg
46250,Women,Apparel,Topwear,Tunics,Blue,Summer,2012.0,Casual,Fusion Beats Women Blue Tunic,dados/fashion-dataset/images/46250.jpg
54559,Women,Apparel,Topwear,Tunics,Red,Summer,2012.0,Casual,Global Desi Women Red Tunic,dados/fashion-dataset/images/54559.jpg
26974,Women,Apparel,Dress,Dresses,Pink,Summer,2012.0,Casual,Jealous 21 Women Pink Printed Dress,dados/fashion-dataset/images/26974.jpg
8497,Women,Apparel,Bottomwear,Skirts,Cream,Fall,2011.0,Casual,Forever New Women Cameo Skirt Cream Skirts,dados/fashion-dataset/images/8497.jpg
12837,Women,Apparel,Dress,Dresses,Pink,Fall,2011.0,Casual,Ant Kids Button Bow Pink Dresses,dados/fashion-dataset/images/12837.jpg
7507,Women,Apparel,Bottomwear,Capris,Grey,Fall,2011.0,Sports,Nike Women As Be Strong Grey Capri,dados/fashion-dataset/images/7507.jpg
16368,Men,Apparel,Bottomwear,Trousers,Charcoal,Fall,2011.0,Formal,Peter England Men Stripes Charcoal Trouser,dados/fashion-dataset/images/16368.jpg
22462,Women,Apparel,Bottomwear,Leggings,Mustard,Fall,2011.0,Casual,Myntra Women Mustard Leggings,dados/fashion-dataset/images/22462.jpg
16803,Girls,Apparel,Bottomwear,Shorts,Beige,Fall,2011.0,Casual,ANT Kids Girls Solid Beige Short,dados/fashion-dataset/images/16803.jpg
39227,Women,Apparel,Dress,Dresses,Purple,Summer,2012.0,Casual,Femella Women Purple Tiered Dress,dados/fashion-dataset/images/39227.jpg
37529,Boys,Apparel,Innerwear,Innerwear Vests,Yellow,Summer,2012.0,Casual,Madagascar3 Boys Yellow Innerwear Vest,dados/fashion-dataset/images/37529.jpg
50654,Men,Apparel,Loungewear and Nightwear,Lounge Shorts,Black,Winter,2016.0,Sports,Chromozome Men Black Lounge Shorts,dados/fashion-dataset/images/50654.jpg
17194,Men,Apparel,Topwear,Sweaters,Black,Fall,2011.0,Casual,U.S. Polo Assn. Men Stripes Black Sweater,dados/fashion-dataset/images/17194.jpg
36290,Women,Apparel,Loungewear and Nightwear,Night suits,Grey,Summer,2017.0,Casual,SDL by Sweet Dreams Women Grey & Green Night suits,dados/fashion-dataset/images/36290.jpg
30613,Women,Apparel,Bottomwear,Capris,Grey,Summer,2012.0,Sports,Nike Women Trainning Grey Capris,dados/fashion-dataset/images/30613.jpg
57097,Women,Apparel,Bottomwear,Capris,Blue,Summer,2012.0,Casual,Elle Women Blue Capris,dados/fashion-dataset/images/57097.jpg
30937,Women,Apparel,Topwear,Kurtis,Green,Summer,2012.0,Ethnic,Fabindia Women Printed Green Kurti,dados/fashion-dataset/images/30937.jpg
14083,Women,Apparel,Topwear,Sweaters,Purple,Fall,2011.0,Casual,Flying Machine Women Stripes Purple Sweaters,dados/fashion-dataset/images/14083.jpg
26163,Men,Apparel,Bottomwear,Trousers,Grey,Summer,2012.0,Formal,John Miller Men Dark Grey Trousers,dados/fashion-dataset/images/26163.jpg
31115,Boys,Apparel,Bottomwear,Capris,Blue,Summer,2012.0,Casual,Gini and Jony Boys Washed Blue 3/4 Length Pants,dados/fashion-dataset/images/31115.jpg
20921,Men,Apparel,Bottomwear,Shorts,Olive,Fall,2011.0,Casual,Deni Yo Men Solid Olive Short,dados/fashion-dataset/images/20921.jpg
17879,Men,Apparel,Innerwear,Innerwear Vests,Green,Summer,2016.0,Casual,Levis Men Comfort Style Green Innerwear Vest,dados/fashion-dataset/images/17879.jpg
25850,Women,Apparel,Topwear,Kurtis,Red,Summer,2012.0,Ethnic,Diva Women Printed Red Kurti,dados/fashion-dataset/images/25850.jpg
33508,Women,Apparel,Bottomwear,Skirts,Blue,Summer,2012.0,Casual,Doodle Kids Girl Washed Blue Skirt,dados/fashion-dataset/images/33508.jpg
38577,Men,Apparel,Bottomwear,Track Pants,Navy Blue,Summer,2012.0,Sports,Nike Men Breakline Navy Blue Track Pants,dados/fashion-dataset/images/38577.jpg
10023,Women,Apparel,Bottomwear,Track Pants,Grey,Fall,2011.0,Sports,Nike Women Regular Grey Track Pants,dados/fashion-dataset/images/10023.jpg
55807,Women,Apparel,Loungewear and Nightwear,Night suits,Grey Melange,Summer,2017.0,Casual,SDL by Sweet Dreams Women Grey & Green Night Suit S11-3144,dados/fashion-dataset/images/55807.jpg
42978,Men,Apparel,Innerwear,Boxers,Black,Summer,2016.0,Casual,FCUK Black Boxers,dados/fashion-dataset/images/42978.jpg
39136,Women,Apparel,Apparel Set,Kurta Sets,Blue,Summer,2012.0,Ethnic,Aneri Women Blue & White Printed Salwar Suit,dados/fashion-dataset/images/39136.jpg
42260,Men,Apparel,Bottomwear,Jeans,Blue,Summer,2012.0,Casual,John Players Men Blue Jeans,dados/fashion-dataset/images/42260.jpg
18691,Men,Apparel,Innerwear,Trunk,Black,Summer,2016.0,Casual,Hanes Men Black Modern Duo Dry Cotton Stretch Trunks,dados/fashion-dataset/images/18691.jpg
28957,Women,Apparel,Topwear,Kurtas,White,Summer,2012.0,Ethnic,BIBA Women Printed White Kurta,dados/fashion-dataset/images/28957.jpg
46283,Women,Apparel,Topwear,Tunics,White,Summer,2012.0,Casual,109F Women White Tunic,dados/fashion-dataset/images/46283.jpg
21916,Women,Apparel,Apparel Set,Kurta Sets,Green,Fall,2011.0,Ethnic,Biba Women Green & Black Printed Churidar Kurta with Dupatta,dados/fashion-dataset/images/21916.jpg
42329,Women,Apparel,Saree,Sarees,Blue,Summer,2012.0,Ethnic,Prafful Blue Crepe Printed Saree,dados/fashion-dataset/images/42329.jpg
50627,Men,Apparel,Innerwear,Briefs,Navy Blue,Winter,2016.0,Casual,Chromozome Men Navy Blue Briefs,dados/fashion-dataset/images/50627.jpg
34257,Men,Apparel,Bottomwear,Tracksuits,Charcoal,Summer,2013.0,Sports,Proline Men Charcoal Tracksuit,dados/fashion-dataset/images/34257.jpg
22031,Women,Apparel,Topwear,Kurtas,Blue,Fall,2011.0,Ethnic,Vishudh Women Printed Blue Kurta,dados/fashion-dataset/images/22031.jpg
47656,Women,Apparel,Dress,Dresses,Black,Summer,2012.0,Casual,Femella Women Black Printed Dress,dados/fashion-dataset/images/47656.jpg
1572,Men,Apparel,Bottomwear,Track Pants,Black,Fall,2010.0,Sports,Kalenji Mens Essential Training Track Pants,dados/fashion-dataset/images/1572.jpg
5809,Women,Apparel,Bottomwear,Capris,Black,Summer,2011.0,Casual,Puma Women Black Capris,dados/fashion-dataset/images/5809.jpg
3070,Women,Apparel,Topwear,Tshirts,Green,Summer,2011.0,Casual,Tantra Women's Shlokas Green T-shirt,dados/fashion-dataset/images/3070.jpg
13295,Women,Apparel,Topwear,Tops,Pink,Fall,2011.0,Casual,Gini and Jony Kids Girls Printed Pink Tops,dados/fashion-dataset/images/13295.jpg
39217,Women,Apparel,Dress,Dresses,Red,Summer,2012.0,Casual,Femella Women Floral Red Dress,dados/fashion-dataset/images/39217.jpg
52029,Unisex,Apparel,Topwear,Rain Jacket,Coffee Brown,Summer,2012.0,,Just Natural Unisex Charcoal Rain Jacket,dados/fashion-dataset/images/52029.jpg
45845,Women,Apparel,Topwear,Kurtas,Green,Summer,2012.0,Ethnic,Vishudh Women Green Kurta,dados/fashion-dataset/images/45845.jpg
59623,Women,Apparel,Saree,Sarees,Orange,Fall,2012.0,Ethnic,FNF Light Orange Wedding Collection Sari,dados/fashion-dataset/images/59623.jpg
27182,Men,Apparel,Bottomwear,Trousers,Brown,Summer,2012.0,Formal,Mark Taylor Men Striped Brown Trousers,dados/fashion-dataset/images/27182.jpg
15116,Men,Apparel,Bottomwear,Trousers,Grey,Fall,2011.0,Formal,Arrow Men TR Finish Grey Trousers,dados/fashion-dataset/images/15116.jpg
30904,Women,Apparel,Bottomwear,Salwar,Mustard,Summer,2012.0,Ethnic,Fabindia Women Mustard Salwar,dados/fashion-dataset/images/30904.jpg
11241,Women,Apparel,Bottomwear,Jeans,Grey,Fall,2011.0,Casual,Flying Machine Women Veron Grey Jeans,dados/fashion-dataset/images/11241.jpg
33271,Girls,Apparel,Bottomwear,Skirts,Red,Summer,2012.0,Casual,Gini and Jony Girls Red Skirt,dados/fashion-dataset/images/33271.jpg
34928,Women,Apparel,Topwear,Dupatta,Yellow,Summer,2012.0,Ethnic,Fabindia Yellow Dupatta,dados/fashion-dataset/images/34928.jpg
53296,Men,Apparel,Bottomwear,Jeans,Blue,Summer,2012.0,Casual,Locomotive Men Blue Jeans,dados/fashion-dataset/images/53296.jpg
50669,Men,Apparel,Loungewear and Nightwear,Lounge Pants,Multi,Summer,2018.0,Casual,Chromozome Men Assorted Checked Pyjamas S-5264,dados/fashion-dataset/images/50669.jpg
20383,Men,Apparel,Topwear,Sweaters,White,Fall,2011.0,Casual,Spykar Men Solid White Sweater,dados/fashion-dataset/images/20383.jpg
50916,Men,Apparel,Innerwear,Briefs,White,Summer,2016.0,Casual,Parx Men White Briefs,dados/fashion-dataset/images/50916.jpg
52345,Women,Apparel,Loungewear and Nightwear,Nightdress,Blue,Winter,2015.0,Casual,Red Rose Women Blue Nightdress,dados/fashion-dataset/images/52345.jpg
53493,Women,Apparel,Innerwear,Bra,Blue,Winter,2015.0,Casual,Amante Blue Push-Up Bra BFCV11,dados/fashion-dataset/images/53493.jpg
32144,Men,Apparel,Innerwear,Briefs,White,Summer,2016.0,Casual,Playboy Men Pack of 2 White Briefs,dados/fashion-dataset/images/32144.jpg
16226,Women,Apparel,Bottomwear,Capris,Grey,Fall,2011.0,Casual,Puma Women Capri Sweat Grey Capris,dados/fashion-dataset/images/16226.jpg
27414,Women,Apparel,Loungewear and Nightwear,Lounge Pants,Navy Blue,Winter,2015.0,Casual,Jockey Women Navy Blue Lounge Pants,dados/fashion-dataset/images/27414.jpg
25589,Women,Apparel,Apparel Set,Kurta Sets,Green,Fall,2011.0,Ethnic,Vishudh Women Green Churidar Kurta with Dupatta,dados/fashion-dataset/images/25589.jpg
28098,Men,Apparel,Innerwear,Briefs,Olive,Summer,2016.0,Casual,Jockey MC Men Olive Y Front Briefs 8003,dados/fashion-dataset/images/28098.jpg
12808,Men,Apparel,Topwear,Jackets,Blue,Fall,2011.0,Sports,Nike Men Zip Pocket Blue Jackets,dados/fashion-dataset/images/12808.jpg
27206,Men,Apparel,Bottomwear,Shorts,Blue,Summer,2012.0,Casual,Doodle Kids Boy Light Blue Shorts,dados/fashion-dataset/images/27206.jpg
59642,Women,Apparel,Saree,Sarees,Black,Fall,2012.0,Ethnic,FNF Pink & Black Collection For Wedding Sari,dados/fashion-dataset/images/59642.jpg
25340,Men,Apparel,Innerwear,Trunk,Beige,Summer,2016.0,Casual,Levis Men Beige Boxer Trunks,dados/fashion-dataset/images/25340.jpg
25773,Men,Apparel,Topwear,Suspenders,Black,Summer,2012.0,Formal,Lino Perros Men Black & Red Suspenders,dados/fashion-dataset/images/25773.jpg
56240,Men,Apparel,Loungewear and Nightwear,Night suits,Navy Blue,Summer,2016.0,Casual,SDL by Sweet Dreams Men Grey & Blue Pyjama Set,dados/fashion-dataset/images/56240.jpg
23088,Men,Apparel,Bottomwear,Trousers,Grey,Fall,2011.0,Casual,Arrow Sport Men Dk.Grey Brown Trousers,dados/fashion-dataset/images/23088.jpg
18200,Women,Apparel,Topwear,Sweaters,Red,Fall,2011.0,Casual,Jealous 21 Women Stripes Red Sweater,dados/fashion-dataset/images/18200.jpg
24204,Men,Apparel,Bottomwear,Jeans,Blue,Summer,2012.0,Casual,Deni Yo Men Skinny Fit Blue Jeans,dados/fashion-dataset/images/24204.jpg
17889,Men,Apparel,Innerwear,Innerwear Vests,Red,Summer,2016.0,Casual,Levis Men Cruiser Red Innerwear Vest,dados/fashion-dataset/images/17889.jpg
34922,Women,Apparel,Topwear,Dupatta,Grey,Summer,2012.0,Ethnic,Fabindia Grey Dupatta,dados/fashion-dataset/images/34922.jpg
11593,Women,Apparel,Topwear,Kurtis,Blue,Summer,2011.0,Ethnic,W Women Printed Blue Kurtis,dados/fashion-dataset/images/11593.jpg
11617,Women,Apparel,Topwear,Kurtis,Green,Summer,2011.0,Ethnic,W Women Solid Green Kurtis,dados/fashion-dataset/images/11617.jpg
32106,Men,Apparel,Innerwear,Trunk,Grey,Summer,2016.0,Casual,Playboy Men Crocker Grey Trunks,dados/fashion-dataset/images/32106.jpg
59880,Women,Apparel,Bottomwear,Stockings,Black,Fall,2012.0,Casual,Femella Women Black Stockings,dados/fashion-dataset/images/59880.jpg
6897,Women,Apparel,Topwear,Tops,Cream,Summer,2011.0,Casual,Forever New Women Embellishments Cream Top,dados/fashion-dataset/images/6897.jpg
34055,Boys,Apparel,Bottomwear,Capris,Blue,Summer,2012.0,Casual,Palm Tree Boys Washed Blue 3/4 Length Pants,dados/fashion-dataset/images/34055.jpg
30529,Women,Apparel,Innerwear,Bra,Skin,Spring,2013.0,Casual,Lovable Cotton Essensuals Skin Coloured Bra,dados/fashion-dataset/images/30529.jpg
50652,Men,Apparel,Loungewear and Nightwear,Lounge Shorts,Grey Melange,Winter,2016.0,Casual,Chromozome Men Grey Lounge Shorts,dados/fashion-dataset/images/50652.jpg
14117,Women,Apparel,Bottomwear,Jeans,Blue,Fall,2011.0,Casual,Flying Machine Women Washed Blue Jeans,dados/fashion-dataset/images/14117.jpg
28111,Men,Apparel,Innerwear,Boxers,White,Summer,2016.0,Casual,Jockey MODERN CLASSIC Men white Boxer 8009,dados/fashion-dataset/images/28111.jpg
37575,Girls,Apparel,Socks,Booties,Green,Summer,2012.0,Casual,Madagascar 3 Infant Girls Light Green Booties,dados/fashion-dataset/images/37575.jpg
42212,Women,Apparel,Topwear,Tunics,Pink,Summer,2012.0,Casual,Sepia Women Pink Tunic,dados/fashion-dataset/images/42212.jpg
57183,Women,Apparel,Topwear,Tunics,Lavender,Summer,2012.0,Casual,Elle Women Violet and Lavender Tunic,dados/fashion-dataset/images/57183.jpg
19324,Men,Apparel,Topwear,Sweatshirts,Maroon,Fall,2011.0,Casual,Myntra Men Solid Maroon Sweatshirt,dados/fashion-dataset/images/19324.jpg
19516,Men,Apparel,Topwear,Sweaters,Black,Fall,2011.0,Casual,United Colors of Benetton Men Black  Sweater,dados/fashion-dataset/images/19516.jpg
15132,Men,Apparel,Bottomwear,Trousers,Black,Fall,2012.0,Casual,Arrow  Men Solid Black Trousers,dados/fashion-dataset/images/15132.jpg
25766,Men,Apparel,Topwear,Suspenders,Maroon,Summer,2012.0,Formal,Lino Perros Men Maroon Suspenders,dados/fashion-dataset/images/25766.jpg
11564,Women,Apparel,Topwear,Kurtas,Purple,Summer,2011.0,Ethnic,W Women Printed Purple  Kurtas,dados/fashion-dataset/images/11564.jpg
59716,Women,Apparel,Loungewear and Nightwear,Nightdress,Black,Summer,2012.0,Casual,Avirate Black Babydoll Nightdress,dados/fashion-dataset/images/59716.jpg
50022,Women,Apparel,Bottomwear,Leggings,Grey Melange,Winter,2015.0,Casual,Hanes Women Pink Comfortsoft Waistband Cotton - Stretch Lace Capri Leggings,dados/fashion-dataset/images/50022.jpg
50668,Men,Apparel,Loungewear and Nightwear,Lounge Pants,Navy Blue,Fall,2018.0,Sports,Chromozome Men Navy Blue Fashion Lounge Pants S-5145,dados/fashion-dataset/images/50668.jpg
15341,Women,Apparel,Bottomwear,Shorts,Pink,Fall,2011.0,Sports,Nike Women Solid Pink Shorts,dados/fashion-dataset/images/15341.jpg
30493,Women,Apparel,Innerwear,Bra,Pink,Summer,2014.0,Casual,Lovable Women Fiona Rose Pink Bra,dados/fashion-dataset/images/30493.jpg
6868,Women,Apparel,Dress,Dresses,Black,Summer,2011.0,Casual,Forever New Women's Waterfall Sleeve Shift Black Dress,dados/fashion-dataset/images/6868.jpg
47657,Women,Apparel,Bottomwear,Skirts,Cream,Summer,2012.0,Casual,Femella Women Grey Printed Skirt,dados/fashion-dataset/images/47657.jpg
57202,Women,Apparel,Topwear,Tunics,Blue,Summer,2012.0,Casual,Elle Women Blue Tunic,dados/fashion-dataset/images/57202.jpg
47075,Women,Apparel,Bottomwear,Patiala,Red,Fall,2012.0,Ethnic,Shree Women Red & Black Patiala,dados/fashion-dataset/images/47075.jpg
30961,Women,Apparel,Topwear,Kurtis,Black,Summer,2012.0,Ethnic,Fabindia Women Black Chanderi Tunic,dados/fashion-dataset/images/30961.jpg
36272,Women,Apparel,Loungewear and Nightwear,Night suits,Pink,Summer,2017.0,Casual,SDL by Sweet Dreams Women Pink Night suits,dados/fashion-dataset/images/36272.jpg
28141,Men,Apparel,Loungewear and Nightwear,Lounge Shorts,Black,Summer,2018.0,Casual,Jockey 24 x 7 Men Black Sport Shorts 9426,dados/fashion-dataset/images/28141.jpg
28088,Men,Apparel,Innerwear,Briefs,White,Summer,2016.0,Casual,Jockey Men Gold Edition White Brief,dados/fashion-dataset/images/28088.jpg
43589,Girls,Apparel,Bottomwear,Capris,Pink,Summer,2012.0,Casual,Gini and Jony Girls Fixed Weast Pink Capris,dados/fashion-dataset/images/43589.jpg
37561,Girls,Apparel,Topwear,Rompers,Pink,Summer,2012.0,Casual,Madagascar3 Infant Girls Pink Snapsuit Romper,dados/fashion-dataset/images/37561.jpg
52411,Women,Apparel,Loungewear and Nightwear,Nightdress,Maroon,Winter,2015.0,Casual,Red Rose Maroon Nightdress,dados/fashion-dataset/images/52411.jpg
45087,Women,Apparel,Loungewear and Nightwear,Robe,Pink,Summer,2016.0,Casual,Bwitch Women Pink Lily Robe,dados/fashion-dataset/images/45087.jpg
27961,Men,Apparel,Innerwear,Trunk,Green,Summer,2016.0,Casual,Jockey SPORT PERFORMANCE Men Green Trunks SP08,dados/fashion-dataset/images/27961.jpg
7304,Women,Apparel,Topwear,Tops,Pink,Summer,2011.0,Casual,UCB Women's Short Sleeve Pink Top,dados/fashion-dataset/images/7304.jpg
40428,Women,Apparel,Bottomwear,Skirts,Grey,Summer,2012.0,Formal,Tonga Women Grey Formal Skirt,dados/fashion-dataset/images/40428.jpg
6588,Women,Apparel,Bottomwear,Track Pants,Grey,Summer,2011.0,Sports,Nike Women's Bold Nylon Grey Track Pant,dados/fashion-dataset/images/6588.jpg
34946,Women,Apparel,Topwear,Dupatta,Beige,Summer,2012.0,Ethnic,Fabindia Women Printed Beige Dupatta,dados/fashion-dataset/images/34946.jpg
6882,Women,Apparel,Topwear,Jackets,Cream,Summer,2011.0,Casual,Forever New Women Long Peach Jacket,dados/fashion-dataset/images/6882.jpg
31792,Women,Apparel,Topwear,Tops,Orange,Summer,2012.0,Casual,Lee Women Apple Coral Top,dados/fashion-dataset/images/31792.jpg
47072,Women,Apparel,Bottomwear,Patiala,Navy Blue,Fall,2012.0,Ethnic,Shree Women Navy Blue Printed Patiala,dados/fashion-dataset/images/47072.jpg
51389,Men,Apparel,Innerwear,Boxers,White,Summer,2012.0,Casual,Myntra Men White Boxer,dados/fashion-dataset/images/51389.jpg
26921,Women,Apparel,Topwear,Tops,Black,Summer,2012.0,Casual,Jealous 21 Women Black Top,dados/fashion-dataset/images/26921.jpg
35033,Women,Apparel,Bottomwear,Churidar,Green,Summer,2012.0,Ethnic,Fabindia Women Green Churidar,dados/fashion-dataset/images/35033.jpg
41890,Men,Apparel,Bottomwear,Shorts,Blue,Summer,2012.0,Casual,Flying Machine Men Blue Solid Regular Fit Denim Shorts,dados/fashion-dataset/images/41890.jpg
27958,Men,Apparel,Innerwear,Trunk,Green,Winter,2016.0,Casual,Jockey Sport Performance  Men Green Trunks SP04,dados/fashion-dataset/images/27958.jpg
50570,Men,Apparel,Innerwear,Trunk,Brown,Summer,2016.0,Casual,Chromozome Men Brown Trunks,dados/fashion-dataset/images/50570.jpg
47054,Women,Apparel,Bottomwear,Salwar,Brown,Summer,2012.0,Ethnic,Shree Women Brown & Green Jodhpuri Salwar,dados/fashion-dataset/images/47054.jpg
54703,Women,Apparel,Apparel Set,Kurta Sets,Black,Fall,2012.0,Ethnic,Shree Women Black & Pink Salwar Suit with Dupatta,dados/fashion-dataset/images/54703.jpg
52498,Women,Apparel,Loungewear and Nightwear,Bath Robe,Blue,Winter,2015.0,Casual,Red Rose Women Blue Bath Robes,dados/fashion-dataset/images/52498.jpg
49782,Women,Apparel,Loungewear and Nightwear,Night suits,Pink,Summer,2012.0,Casual,Little Miss Intimates Pink & Black Pyjama Set,dados/fashion-dataset/images/49782.jpg
34588,Women,Apparel,Dress,Dresses,Cream,Summer,2012.0,Casual,Tonga Women Cream Dress,dados/fashion-dataset/images/34588.jpg
37167,Boys,Apparel,Topwear,Waistcoat,Grey,Summer,2012.0,Casual,United Colors of Benetton Boys Check Grey Waistcoat,dados/fashion-dataset/images/37167.jpg
57316,Women,Apparel,Innerwear,Bra,Pink,Winter,2015.0,Casual,Amante Pink Full-Coverage Lace Bra BCFR01,dados/fashion-dataset/images/57316.jpg
28988,Women,Apparel,Apparel Set,Kurta Sets,White,Summer,2012.0,Ethnic,Biba Outlet Women White & Grey Printed Salwar Suit with Dupatta,dados/fashion-dataset/images/28988.jpg
51867,Women,Apparel,Innerwear,Bra,Black,Summer,2016.0,Casual,Bwitch Black Bra,dados/fashion-dataset/images/51867.jpg
32717,Men,Apparel,Innerwear,Briefs,Black,Summer,2016.0,,Facit Men Black Brief,dados/fashion-dataset/images/32717.jpg
30831,Women,Apparel,Bottomwear,Churidar,Yellow,Summer,2012.0,Ethnic,Fabindia Women Yellow Mangalgiri Churidar,dados/fashion-dataset/images/30831.jpg
50631,Men,Apparel,Innerwear,Trunk,Grey Melange,Winter,2016.0,Casual,Chromozome Men Grey Melange & Black Trunks,dados/fashion-dataset/images/50631.jpg
46387,Men,Apparel,Bottomwear,Shorts,Black,Summer,2012.0,Casual,ADIDAS Men Black Shorts,dados/fashion-dataset/images/46387.jpg
27514,Women,Apparel,Innerwear,Briefs,White,Winter,2015.0,Casual,Jockey Lace Stretch White Bikini Brief,dados/fashion-dataset/images/27514.jpg
56231,Men,Apparel,Loungewear and Nightwear,Night suits,Grey,Summer,2016.0,Casual,SDL by Sweet Dreams Men Grey Pyjama Set,dados/fashion-dataset/images/56231.jpg
39143,Women,Apparel,Apparel Set,Kurta Sets,Blue,Summer,2012.0,Ethnic,Aneri Women Blue & Maroon Printed Salwar Suit,dados/fashion-dataset/images/39143.jpg
52505,Women,Apparel,Loungewear and Nightwear,Bath Robe,Off White,Winter,2015.0,Casual,Red Rose Off-White Printed Bath Robe,dados/fashion-dataset/images/52505.jpg
13996,Women,Apparel,Topwear,Jackets,Black,Fall,2011.0,Sports,Nike Women Solid Black Jackets,dados/fashion-dataset/images/13996.jpg
15789,Men,Apparel,Innerwear,Briefs,Grey,Summer,2016.0,Casual,Facit Men Grey Comfort Briefs,dados/fashion-dataset/images/15789.jpg
58493,Women,Apparel,Dress,Dresses,Grey,Fall,2012.0,Casual,Tonga Women Grey Dress,dados/fashion-dataset/images/58493.jpg
41696,Men,Apparel,Bottomwear,Shorts,Black,Summer,2012.0,Casual,Superman Men Black Printed Shorts,dados/fashion-dataset/images/41696.jpg
28043,Men,Apparel,Innerwear,Briefs,Grey Melange,Summer,2016.0,Casual,Jockey ELANCE Men Grey Melange Brief 1008,dados/fashion-dataset/images/28043.jpg
43509,Women,Apparel,Dress,Dresses,Grey Melange,Summer,2012.0,Casual,French Connection Women Grey Melange Dress,dados/fashion-dataset/images/43509.jpg
25792,Men,Apparel,Topwear,Suspenders,Cream,Summer,2012.0,Formal,Arrow Men Cream Suspenders,dados/fashion-dataset/images/25792.jpg
50008,Women,Apparel,Innerwear,Bra,Black,Winter,2015.0,Sports,Hanes Women Black Cotton Stretch Moulded Contour Bra,dados/fashion-dataset/images/50008.jpg
17464,Women,Apparel,Innerwear,Bra,Pink,Summer,2017.0,Casual,Beyouty Women Zena BR 01 Pink Bra,dados/fashion-dataset/images/17464.jpg
30525,Women,Apparel,Innerwear,Bra,Red,Spring,2013.0,Casual,Lovable Cotton Essensuals Red Bra,dados/fashion-dataset/images/30525.jpg
40990,Girls,Apparel,Topwear,Tops,White,Summer,2012.0,Casual,Palm Tree Girls Milan White Top,dados/fashion-dataset/images/40990.jpg
25602,Women,Apparel,Apparel Set,Kurta Sets,Green,Fall,2011.0,Ethnic,Vishudh Women Green & Purple Churidar Kurta with Dupatta,dados/fashion-dataset/images/25602.jpg
30820,Women,Apparel,Bottomwear,Leggings,Cream,Summer,2012.0,Ethnic,Fabindia Women Cream Leggings,dados/fashion-dataset/images/30820.jpg
56812,Women,Apparel,Topwear,Kurtis,Multi,Summer,2012.0,Ethnic,Aneri Women Multi Coloured Kurti,dados/fashion-dataset/images/56812.jpg
29781,Men,Apparel,Bottomwear,Trousers,Charcoal,Summer,2013.0,Casual,Basics Men Steel Charcoal Trousers,dados/fashion-dataset/images/29781.jpg
56810,Women,Apparel,Topwear,Kurtis,Red,Summer,2012.0,Ethnic,Aneri Women Red Kurti,dados/fashion-dataset/images/56810.jpg
34064,Girls,Apparel,Dress,Dresses,Blue,Summer,2012.0,Casual,Gini and Jony Girls Printed Teal Dress,dados/fashion-dataset/images/34064.jpg
34041,Boys,Apparel,Topwear,Shirts,Red,Summer,2012.0,Casual,Gini and Jony Boys Check Red Shirt,dados/fashion-dataset/images/34041.jpg
53559,Men,Apparel,Innerwear,Boxers,Purple,Summer,2016.0,Casual,Probase Purple Printed Boxers,dados/fashion-dataset/images/53559.jpg
53745,Women,Apparel,Bottomwear,Capris,Grey,Summer,2012.0,Casual,ADIDAS Women Dark Grey Capris,dados/fashion-dataset/images/53745.jpg
25770,Men,Apparel,Topwear,Suspenders,Black,Summer,2012.0,Formal,Lino Perros Men Black Suspenders,dados/fashion-dataset/images/25770.jpg
50435,Men,Apparel,Innerwear,Innerwear Vests,White,Winter,2016.0,Casual,Chromozome Men White Pack of 2 Innervests,dados/fashion-dataset/images/50435.jpg
56241,Men,Apparel,Loungewear and Nightwear,Night suits,Navy Blue,Summer,2016.0,Casual,SDL by Sweet Dreams Men Blue & Grey Pyjama Set,dados/fashion-dataset/images/56241.jpg
2223,Women,Apparel,Bottomwear,Track Pants,Black,Fall,2010.0,Sports,ADIDAS Women Stripe Black Track Pant,dados/fashion-dataset/images/2223.jpg
45499,Women,Apparel,Bottomwear,Capris,Navy Blue,Summer,2012.0,Casual,Fila Women Navy Blue Savari 3/4th Pants,dados/fashion-dataset/images/45499.jpg
25391,Men,Apparel,Innerwear,Innerwear Vests,Maroon,Summer,2016.0,Casual,Levis Men Maroon Innerwear T-shirt,dados/fashion-dataset/images/25391.jpg
13621,Men,Apparel,Loungewear and Nightwear,Lounge Shorts,Grey,Summer,2016.0,Casual,Hanes Men Knitted Grey Shorts,dados/fashion-dataset/images/13621.jpg
13630,Men,Apparel,Loungewear and Nightwear,Lounge Shorts,Black,Summer,2016.0,Casual,Hanes Men Knitted Black Shorts,dados/fashion-dataset/images/13630.jpg
24371,Women,Apparel,Topwear,Kurtas,Maroon,Fall,2011.0,Ethnic,Folklore Women Maroon Printed Kurta,dados/fashion-dataset/images/24371.jpg
19536,Men,Apparel,Topwear,Sweaters,Purple,Summer,2011.0,Casual,United Colors of Benetton Men Solid Purple Sweater,dados/fashion-dataset/images/19536.jpg
15828,Men,Apparel,Innerwear,Innerwear Vests,Red,Summer,2016.0,Casual,Facit Men Square Neck Red Innerwear Vest,dados/fashion-dataset/images/15828.jpg
16071,Men,Apparel,Bottomwear,Trousers,Beige,Fall,2011.0,Casual,Highlander Men Solid Beige Trouser,dados/fashion-dataset/images/16071.jpg
30911,Women,Apparel,Topwear,Kurtis,Black,Summer,2012.0,Ethnic,Fabindia Women Black Kurti,dados/fashion-dataset/images/30911.jpg
9083,Women,Apparel,Bottomwear,Track Pants,Black,Fall,2011.0,Sports,ADIDAS Women Ess Cuffed Pant Black Trackpant,dados/fashion-dataset/images/9083.jpg
30508,Women,Apparel,Innerwear,Bra,Black,Summer,2017.0,Casual,Lovable Women Spice Black Bra,dados/fashion-dataset/images/30508.jpg
50659,Men,Apparel,Loungewear and Nightwear,Lounge Shorts,Navy Blue,Winter,2016.0,Casual,Chromozome Men Navy Blue Lounge Shorts,dados/fashion-dataset/images/50659.jpg
50491,Men,Apparel,Innerwear,Trunk,Blue,Winter,2016.0,Casual,Chromozome Men Blue Trunks,dados/fashion-dataset/images/50491.jpg
45102,Women,Apparel,Innerwear,Shapewear,Black,Winter,2015.0,Casual,Bwitch Women Black Xtra Slim Shapewear,dados/fashion-dataset/images/45102.jpg
37893,Women,Apparel,Bottomwear,Tights,Multi,Summer,2012.0,Casual,Happy Socks Women Striped Tights,dados/fashion-dataset/images/37893.jpg
12146,Women,Apparel,Topwear,Kurtis,Pink,Fall,2011.0,Ethnic,Aurelia Women Solid Pink Kurtis,dados/fashion-dataset/images/12146.jpg
28971,Women,Apparel,Apparel Set,Kurta Sets,Cream,Summer,2012.0,Ethnic,Biba Women Cream-Coloured Embroidered Churidar Kurta with Dupatta,dados/fashion-dataset/images/28971.jpg
52941,Women,Apparel,Saree,Sarees,Multi,Summer,2012.0,Ethnic,FNF Multi Coloured Sari,dados/fashion-dataset/images/52941.jpg
43495,Men,Apparel,Topwear,Tshirts,Brown,Summer,2012.0,Casual,French Connection Men Brown Printed T-shirt,dados/fashion-dataset/images/43495.jpg
31783,Women,Apparel,Topwear,Tops,Purple,Summer,2012.0,Casual,Lee Women Purple Paula Pansy Top,dados/fashion-dataset/images/31783.jpg
37528,Boys,Apparel,Topwear,Rompers,White,Summer,2012.0,Casual,Madagascar3 Infant Boys White Snapsuit Romper,dados/fashion-dataset/images/37528.jpg
51992,Women,Apparel,Loungewear and Nightwear,Lounge Pants,Black,Summer,2017.0,Casual,Inaya Women Black Lounge Pants,dados/fashion-dataset/images/51992.jpg
59873,Women,Apparel,Bottomwear,Stockings,Nude,Fall,2012.0,Casual,Femella Women Nude Stockings,dados/fashion-dataset/images/59873.jpg
23072,Men,Apparel,Bottomwear,Trousers,Navy Blue,Winter,2014.0,Formal,Arrow Men Navy Blue Solid Trousers,dados/fashion-dataset/images/23072.jpg
28986,Women,Apparel,Apparel Set,Kurta Sets,Orange,Summer,2012.0,Ethnic,Biba Outlet Women Orange & White Printed Churidar Kurta with Dupatta,dados/fashion-dataset/images/28986.jpg
52429,Women,Apparel,Loungewear and Nightwear,Nightdress,White,Winter,2015.0,Casual,Red Rose Women White Nightdress,dados/fashion-dataset/images/52429.jpg
43526,Women,Apparel,Bottomwear,Leggings,Navy Blue,Summer,2012.0,Casual,French Connection Women Navy Blue Leggings,dados/fashion-dataset/images/43526.jpg
13799,Men,Apparel,Topwear,Sweaters,Purple,Fall,2011.0,Casual,Proline Purple Striped Sweater,dados/fashion-dataset/images/13799.jpg
56295,Women,Apparel,Innerwear,Bra,Purple,Winter,2015.0,Casual,Biara Women Purple Bra,dados/fashion-dataset/images/56295.jpg
40110,Men,Apparel,Bottomwear,Tracksuits,Blue,Summer,2012.0,Casual,ADIDAS Men Blue Tracksuit,dados/fashion-dataset/images/40110.jpg
7206,Women,Apparel,Topwear,Tops,White,Fall,2011.0,Casual,Jealous 21 Women's Pink Flowers Offwhite Top,dados/fashion-dataset/images/7206.jpg
18957,Women,Apparel,Topwear,Jackets,Grey,Fall,2011.0,Casual,United Colors of Benetton Women Solid Grey Knitted Jacket,dados/fashion-dataset/images/18957.jpg
19744,Men,Apparel,Topwear,Jackets,Green,Fall,2011.0,Casual,ADIDAS Originals Men Solid Green Jacket,dados/fashion-dataset/images/19744.jpg
56227,Men,Apparel,Loungewear and Nightwear,Night suits,Blue,Summer,2016.0,Casual,SDL by Sweet Dreams Men Blue Pyjama Set,dados/fashion-dataset/images/56227.jpg
40658,Women,Apparel,Topwear,Kurtas,Multi,Summer,2012.0,Ethnic,Span Women Multi Coloured Kurta,dados/fashion-dataset/images/40658.jpg
57958,Women,Apparel,Saree,Sarees,Green,Summer,2012.0,Ethnic,Prafful Green Printed Sari,dados/fashion-dataset/images/57958.jpg
39322,Girls,Apparel,Bottomwear,Capris,Blue,Summer,2012.0,Casual,Gini and Jony Girls Blue Capris,dados/fashion-dataset/images/39322.jpg
39124,Women,Apparel,Bottomwear,Leggings,Beige,Fall,2012.0,Casual,Aneri Women Beige Leggings,dados/fashion-dataset/images/39124.jpg
28891,Women,Apparel,Innerwear,Briefs,Skin,Summer,2012.0,Casual,Enamor Women Beige Regular-Rise Brief,dados/fashion-dataset/images/28891.jpg
57416,Women,Apparel,Loungewear and Nightwear,Nightdress,Black,Winter,2015.0,Casual,Amante Women Black Lounge Set SGLL01,dados/fashion-dataset/images/57416.jpg
13243,Men,Apparel,Bottomwear,Shorts,Beige,Fall,2011.0,Casual,Palm Tree Kids Boys Solid Beige Shorts,dados/fashion-dataset/images/13243.jpg
54689,Women,Apparel,Apparel Set,Kurta Sets,Green,Summer,2012.0,Ethnic,Shree Women Green and Blue Printed Patiala Kurta Set,dados/fashion-dataset/images/54689.jpg
58742,Men,Apparel,Topwear,Tshirts,Mushroom Brown,Summer,2012.0,Casual,Puma Men Mushroom Brown T-shirt,dados/fashion-dataset/images/58742.jpg
53812,Women,Apparel,Apparel Set,Kurta Sets,Black,Fall,2012.0,Ethnic,Ayaany Women Black Patiala Kurta Set,dados/fashion-dataset/images/53812.jpg
24288,Men,Apparel,Topwear,Sweatshirts,Grey,Summer,2012.0,Casual,Quiksilver Men Grey Sweatshirt,dados/fashion-dataset/images/24288.jpg
52255,Men,Apparel,Innerwear,Briefs,Blue,Summer,2016.0,Casual,Crusoe Men Blue Boxer Briefs,dados/fashion-dataset/images/52255.jpg
57207,Women,Apparel,Bottomwear,Capris,Blue,Fall,2012.0,Casual,Kraus Jeans Women Blue Capris,dados/fashion-dataset/images/57207.jpg
39754,Boys,Apparel,Topwear,Jackets,Red,Summer,2012.0,Casual,Gini Jony Boys Printed Red Jacket,dados/fashion-dataset/images/39754.jpg
4952,Men,Apparel,Bottomwear,Shorts,Black,Summer,2011.0,Casual,Gini and Jony Boy's Kimon Black Bermuda Infant Kidswear,dados/fashion-dataset/images/4952.jpg
23301,Women,Apparel,Bottomwear,Leggings,Beige,Fall,2011.0,Ethnic,W Women Solid Beige Leggings,dados/fashion-dataset/images/23301.jpg
30735,Men,Apparel,Bottomwear,Churidar,Beige,Summer,2012.0,Ethnic,Fabindia Men Beige Churidar,dados/fashion-dataset/images/30735.jpg
53435,Men,Apparel,Topwear,Jackets,Black,Summer,2012.0,Sports,ADIDAS Men Black Jacket,dados/fashion-dataset/images/53435.jpg
51455,Women,Apparel,Topwear,Shrug,Pink,Summer,2012.0,Casual,Tonga Women Pink Printed Shrug,dados/fashion-dataset/images/51455.jpg
50379,Women,Apparel,Bottomwear,Salwar and Dupatta,White,Summer,2012.0,Ethnic,Vishudh Women Black & White Salwar and Dupatta,dados/fashion-dataset/images/50379.jpg
27456,Women,Apparel,Innerwear,Bra,White,Winter,2015.0,Casual,Jockey Women White Full-Coverage Bra 1616,dados/fashion-dataset/images/27456.jpg
44692,Women,Apparel,Topwear,Tunics,White,Summer,2012.0,Casual,Wills Lifestyle Women White Tunic,dados/fashion-dataset/images/44692.jpg
52417,Women,Apparel,Loungewear and Nightwear,Night suits,Red,Winter,2015.0,Casual,Red Rose Women Red Pyjama Set,dados/fashion-dataset/images/52417.jpg
56649,Women,Apparel,Topwear,Kurtis,Cream,Fall,2012.0,Ethnic,Mumbai Slang Women Cream Kurti,dados/fashion-dataset/images/56649.jpg
18135,Men,Apparel,Loungewear and Nightwear,Lounge Shorts,Grey,Summer,2016.0,Casual,Crusoe Men Sport Dark Grey Shorts,dados/fashion-dataset/images/18135.jpg
30498,Women,Apparel,Innerwear,Bra,Brown,Summer,2012.0,Casual,Lovable Women Fiona Brown Bra,dados/fashion-dataset/images/30498.jpg
16192,Men,Apparel,Topwear,Sweaters,Grey,Fall,2011.0,Casual,Puma Men Knitted Vest Grey Sweater,dados/fashion-dataset/images/16192.jpg
10017,Women,Apparel,Topwear,Jackets,Blue,Fall,2011.0,Sports,Nike Women As The Windru Blue Jackets,dados/fashion-dataset/images/10017.jpg
53539,Women,Apparel,Innerwear,Briefs,Maroon,Winter,2015.0,Casual,Amante Women Pack of 2 Bikini Briefs PFFL01,dados/fashion-dataset/images/53539.jpg
47044,Women,Apparel,Bottomwear,Salwar,Multi,Fall,2012.0,Ethnic,Shree Women Multi Coloured Jodhpuri Salwar,dados/fashion-dataset/images/47044.jpg
52969,Women,Apparel,Saree,Sarees,Black,Fall,2012.0,Ethnic,FNF Printed Black Sari,dados/fashion-dataset/images/52969.jpg
3783,Men,Apparel,Topwear,Tshirts,White,Summer,2011.0,Casual,Status Quo Men's Beach White T-shirt,dados/fashion-dataset/images/3783.jpg
28501,Men,Apparel,Bottomwear,Track Pants,Navy Blue,Summer,2012.0,Sports,Urban Yoga Men Navy Blue Track Pants,dados/fashion-dataset/images/28501.jpg
57351,Women,Apparel,Innerwear,Bra,Black,Winter,2015.0,Casual,Amante Black T-Shirt Bra BGSB02,dados/fashion-dataset/images/57351.jpg
30776,Men,Apparel,Topwear,Kurtis,Maroon,Summer,2012.0,Ethnic,Fabindia Men Maroon Ajrak Printed Kurti,dados/fashion-dataset/images/30776.jpg
57922,Women,Apparel,Bottomwear,Leggings,Purple,Summer,2010.0,Casual,Femella Women Purple Leggings,dados/fashion-dataset/images/57922.jpg
34301,Women,Apparel,Topwear,Dupatta,Orange,Summer,2012.0,Ethnic,Fabindia Women Orange Tussar Dupatta,dados/fashion-dataset/images/34301.jpg
30742,Men,Apparel,Topwear,Nehru Jackets,Blue,Summer,2012.0,Ethnic,Fabindia Men Striped Blue Silk Sleeveless Jacket,dados/fashion-dataset/images/30742.jpg
27928,Women,Apparel,Bottomwear,Trousers,Beige,Summer,2012.0,Casual,Scullers For Her Beige Trouser,dados/fashion-dataset/images/27928.jpg
44686,Women,Apparel,Bottomwear,Leggings,Magenta,Summer,2012.0,Casual,Wills Lifestyle Women Magenta Leggings,dados/fashion-dataset/images/44686.jpg
12155,Women,Apparel,Bottomwear,Leggings,Beige,Fall,2011.0,Ethnic,Aurelia Women Solid Beige Leggings,dados/fashion-dataset/images/12155.jpg
57213,Women,Apparel,Bottomwear,Jeggings,Blue,Fall,2012.0,Casual,Kraus Jeans Women Blue Jeggings,dados/fashion-dataset/images/57213.jpg
34611,Men,Apparel,Innerwear,Briefs,Navy Blue,Summer,2016.0,Casual,Hanes Men Navy Blue Stretch Duo Dry Cotton Stretch Hip Briefs,dados/fashion-dataset/images/34611.jpg
50577,Men,Apparel,Innerwear,Trunk,Navy Blue,Summer,2016.0,Casual,Chromozome Men Navy Blue Trunks,dados/fashion-dataset/images/50577.jpg
34275,Women,Apparel,Topwear,Dupatta,Off White,Summer,2012.0,Ethnic,Fabindia Women Printed Off White Dupatta,dados/fashion-dataset/images/34275.jpg
38574,Men,Apparel,Bottomwear,Track Pants,Grey,Summer,2012.0,Sports,Nike Men Grey Track Pants,dados/fashion-dataset/images/38574.jpg
50672,Men,Apparel,Loungewear and Nightwear,Lounge Pants,Grey Melange,Summer,2018.0,Sports,Chromozome Men Grey Melange Ranger Lounge Pants S-5429,dados/fashion-dataset/images/50672.jpg
57212,Women,Apparel,Bottomwear,Jeggings,Blue,Fall,2012.0,Casual,Kraus Jeans Women Blue Jeggings,dados/fashion-dataset/images/57212.jpg
23230,Women,Apparel,Topwear,Kurtas,Blue,Fall,2011.0,Ethnic,Aneri Women Blue Checks Kurta,dados/fashion-dataset/images/23230.jpg
57195,Women,Apparel,Topwear,Tunics,Olive,Summer,2012.0,Casual,Elle Women Olive Green Tunic,dados/fashion-dataset/images/57195.jpg
52494,Women,Apparel,Loungewear and Nightwear,Bath Robe,Pink,Winter,2015.0,Casual,Red Rose Women Pink Bath Robe,dados/fashion-dataset/images/52494.jpg
1610,Women,Apparel,Topwear,Jackets,Navy Blue,Summer,2011.0,Casual,Reebok Navy Jacket,dados/fashion-dataset/images/1610.jpg
23196,Men,Apparel,Topwear,Shirts,Green,Fall,2011.0,Casual,Highlander Men Green Check Shirt,dados/fashion-dataset/images/23196.jpg
50018,Women,Apparel,Bottomwear,Leggings,Black,Winter,2015.0,Casual,Hanes Women Black Comfortsoft Waistband Cotton - Stretch Lace Capri Leggings,dados/fashion-dataset/images/50018.jpg
47062,Women,Apparel,Bottomwear,Patiala,Multi,Fall,2012.0,Ethnic,Shree Women Multi Colored Patiala,dados/fashion-dataset/images/47062.jpg
13571,Men,Apparel,Innerwear,Innerwear Vests,Red,Summer,2016.0,Casual,Hanes Men Racer Back Red Innerwear Vests,dados/fashion-dataset/images/13571.jpg
39131,Women,Apparel,Bottomwear,Leggings,Pink,Fall,2012.0,Casual,Aneri Women Pink Leggings,dados/fashion-dataset/images/39131.jpg
16252,Women,Apparel,Bottomwear,Stockings,Brown,Fall,2011.0,Casual,United Colors of Benetton Women Solid Brown Stockings,dados/fashion-dataset/images/16252.jpg
14960,Men,Apparel,Topwear,Jackets,Blue,Fall,2011.0,Casual,Status Quo Men Printed Blue Jackets,dados/fashion-dataset/images/14960.jpg
36742,Women,Apparel,Bottomwear,Jeans,Blue,Summer,2012.0,Casual,Spykar Women Aza Blue Jeans,dados/fashion-dataset/images/36742.jpg
13827,Men,Apparel,Topwear,Sweaters,Black,Fall,2011.0,Casual,Indigo Nation Men Solid Black Sweaters,dados/fashion-dataset/images/13827.jpg
50469,Men,Apparel,Innerwear,Trunk,Navy Blue,Winter,2016.0,Casual,Chromozome Men Navy Blue Trunks,dados/fashion-dataset/images/50469.jpg
52361,Women,Apparel,Loungewear and Nightwear,Nightdress,Off White,Winter,2015.0,Casual,Red Rose Women Off White Nightdress,dados/fashion-dataset/images/52361.jpg
54713,Women,Apparel,Apparel Set,Kurta Sets,Cream,Fall,2012.0,Ethnic,Shree Women Cream-Coloured & Pink Printed Salwar Suit with Dupatta,dados/fashion-dataset/images/54713.jpg
17549,Men,Apparel,Topwear,Shirts,Grey,Fall,2011.0,Formal,Mark Taylor Men Grey & White Striped Shirt,dados/fashion-dataset/images/17549.jpg
41665,Men,Apparel,Topwear,Shirts,Brown,Summer,2012.0,Formal,Mark Taylor Men Brown Striped Shirt,dados/fashion-dataset/images/41665.jpg
57047,Women,Apparel,Dress,Dresses,Black,Summer,2012.0,Casual,Elle Women Black Dress,dados/fashion-dataset/images/57047.jpg
53469,Women,Apparel,Innerwear,Briefs,Mauve,Winter,2015.0,Casual,Amante Women Mauve Briefs BCNE11,dados/fashion-dataset/images/53469.jpg
52488,Women,Apparel,Innerwear,Camisoles,Red,Winter,2015.0,Casual,Red Rose Red Camisole,dados/fashion-dataset/images/52488.jpg
7493,Women,Apparel,Bottomwear,Capris,Purple,Summer,2011.0,Sports,Nike Women Squad Purple Capri,dados/fashion-dataset/images/7493.jpg
14112,Men,Apparel,Topwear,Sweatshirts,Green,Fall,2011.0,Casual,Flying Machine Men Printed Green Sweatshirts,dados/fashion-dataset/images/14112.jpg
25768,Men,Apparel,Topwear,Suspenders,Cream,Summer,2012.0,Formal,Lino Perros Men Cream Suspenders,dados/fashion-dataset/images/25768.jpg
56270,Women,Apparel,Innerwear,Bra,Black,Summer,2017.0,Casual,Biara Black Every Day Support Bra,dados/fashion-dataset/images/56270.jpg
26371,Women,Apparel,Topwear,Shrug,Pink,Summer,2012.0,Casual,Arrow Woman Check Pink Shirt,dados/fashion-dataset/images/26371.jpg
27427,Women,Apparel,Loungewear and Nightwear,Lounge Shorts,Purple,Winter,2015.0,Casual,Jockey Women Purple Lounge Shorts 1308,dados/fashion-dataset/images/27427.jpg
59918,Women,Apparel,Topwear,Kurtas,Multi,Summer,2012.0,Ethnic,Diva Women Multi Coloured Kurta,dados/fashion-dataset/images/59918.jpg
30810,Women,Apparel,Bottomwear,Leggings,Beige,Summer,2012.0,Casual,Fabindia Women Beige Leggings,dados/fashion-dataset/images/30810.jpg
25761,Men,Apparel,Topwear,Suspenders,Black,Summer,2012.0,Formal,Lino Perros Men Black Suspenders,dados/fashion-dataset/images/25761.jpg
16369,Men,Apparel,Bottomwear,Trousers,Grey,Fall,2011.0,Formal,Peter England Men Solid Grey Trouser,dados/fashion-dataset/images/16369.jpg
55832,Women,Apparel,Loungewear and Nightwear,Nightdress,Purple,Summer,2017.0,Casual,SDL by Sweet Dreams Women White Printed Nightdress,dados/fashion-dataset/images/55832.jpg
38934,Girls,Apparel,Bottomwear,Leggings,Black,Summer,2012.0,Casual,Gini and Jony Girls Black Leggings,dados/fashion-dataset/images/38934.jpg
28077,Men,Apparel,Innerwear,Trunk,Olive,Summer,2016.0,Casual,Jockey MC Men Olive Midway Classic Trunks 1101,dados/fashion-dataset/images/28077.jpg
4774,Women,Apparel,Bottomwear,Track Pants,Pink,Summer,2011.0,Sports,ADIDAS Women 3S Pink Track Pants,dados/fashion-dataset/images/4774.jpg
16253,Women,Apparel,Bottomwear,Stockings,Grey,Fall,2011.0,Casual,United Colors of Benetton Women Solid Grey Stockings,dados/fashion-dataset/images/16253.jpg
1884,Men,Apparel,Bottomwear,Track Pants,Navy Blue,Winter,2010.0,Casual,FIFA Mens 1905 Heritage Collection Track Pants,dados/fashion-dataset/images/1884.jpg
28016,Men,Apparel,Innerwear,Trunk,White,Winter,2016.0,Casual,Jockey ZONE STRETCH Men Zone Stretch White Trunks US20,dados/fashion-dataset/images/28016.jpg
30892,Women,Apparel,Bottomwear,Patiala,White,Summer,2012.0,Ethnic,Fabindia Women Printed White & Orange Patiala,dados/fashion-dataset/images/30892.jpg
27495,Women,Apparel,Innerwear,Briefs,White,Winter,2015.0,Casual,Jockey Women White Briefs,dados/fashion-dataset/images/27495.jpg
52515,Women,Apparel,Innerwear,Camisoles,Skin,Winter,2015.0,Casual,Red Rose Skin Cream Bra,dados/fashion-dataset/images/52515.jpg
25587,Women,Apparel,Apparel Set,Kurta Sets,Black,Fall,2011.0,Ethnic,Vishudh Women Black & Purple Printed Churidar Kurta with Dupatta,dados/fashion-dataset/images/25587.jpg
44932,Men,Apparel,Bottomwear,Jeans,Blue,Summer,2012.0,Casual,Jack & Jones Men Blue Jeans,dados/fashion-dataset/images/44932.jpg
28962,Women,Apparel,Topwear,Kurtas,White,Summer,2012.0,Ethnic,BIBA Women Printed White Kurta,dados/fashion-dataset/images/28962.jpg
1625,Men,Apparel,Topwear,Tshirts,Red,Fall,2010.0,Sports,Domyos Men Quick Dry T-shirt,dados/fashion-dataset/images/1625.jpg
51982,Women,Apparel,Loungewear and Nightwear,Nightdress,Pink,Summer,2012.0,Casual,Inaya Women Bright Pink Nightdress,dados/fashion-dataset/images/51982.jpg
19465,Men,Apparel,Topwear,Shirts,Navy Blue,Fall,2011.0,Casual,Quiksilver Men Navy Blue Check Shirt,dados/fashion-dataset/images/19465.jpg
49945,Men,Apparel,Loungewear and Nightwear,Lounge Shorts,Red,Summer,2016.0,Casual,Hanes Men Red Shorts,dados/fashion-dataset/images/49945.jpg
44916,Men,Apparel,Loungewear and Nightwear,Lounge Pants,Black,Summer,2012.0,Casual,Puma Men Black 3/4 Length Pants,dados/fashion-dataset/images/44916.jpg
42598,Men,Apparel,Topwear,Shirts,Blue,Summer,2012.0,Casual,United Colors of Benetton Men Blue Shirt,dados/fashion-dataset/images/42598.jpg
39720,Women,Apparel,Dress,Jumpsuit,Olive,Summer,2012.0,Casual,Arrow Woman Olive Jumpsuit,dados/fashion-dataset/images/39720.jpg
27496,Women,Apparel,Innerwear,Camisoles,White,Winter,2015.0,Casual,Jockey Women White Camisole,dados/fashion-dataset/images/27496.jpg
14991,Men,Apparel,Topwear,Sweaters,Green,Fall,2011.0,Casual,ADIDAS Men Solid Green Sweaters,dados/fashion-dataset/images/14991.jpg
12089,Women,Apparel,Topwear,Kurtas,Brown,Fall,2011.0,Ethnic,W Women Brown Printed Kurta,dados/fashion-dataset/images/12089.jpg
18523,Men,Apparel,Topwear,Jackets,Black,Fall,2011.0,Casual,C Vox Men Control Freak Black Jacket,dados/fashion-dataset/images/18523.jpg
27451,Women,Apparel,Innerwear,Bra,Beige,Summer,2018.0,Casual,Jockey Essence Beige Full-Coverage Bra 1615,dados/fashion-dataset/images/27451.jpg
23373,Men,Apparel,Innerwear,Boxers,Navy Blue,Summer,2016.0,Casual,Crusoe Men Navy Blue Skier Boxer Shorts,dados/fashion-dataset/images/23373.jpg
52100,Women,Apparel,Topwear,Kurtas,Red,Summer,2012.0,Ethnic,Myntra Women Red Printed Kurta,dados/fashion-dataset/images/52100.jpg
20212,Women,Apparel,Topwear,Sweatshirts,Blue,Fall,2011.0,Casual,Wrangler Women Checkerd Blue Sweatshirt,dados/fashion-dataset/images/20212.jpg
26376,Men,Apparel,Topwear,Shirts,Blue,Summer,2012.0,Formal,Turtle Men Blue Shirt,dados/fashion-dataset/images/26376.jpg
24809,Unisex,Apparel,Bottomwear,Swimwear,Pink,Fall,2011.0,Sports,Nabaiji Unisex Pink Swimming Cap,dados/fashion-dataset/images/24809.jpg
31875,Women,Apparel,Topwear,Dupatta,Orange,Summer,2012.0,Ethnic,Fabindia Women Orange Chanderi Dupatta,dados/fashion-dataset/images/31875.jpg
57035,Women,Apparel,Dress,Dresses,Multi,Summer,2012.0,Casual,Forever New Women Multi Coloured Dress,dados/fashion-dataset/images/57035.jpg
10366,Women,Apparel,Bottomwear,Skirts,Black,Fall,2011.0,Casual,United Colors of Benetton Women Solid Black Skirt,dados/fashion-dataset/images/10366.jpg
57085,Women,Apparel,Bottomwear,Skirts,Off White,Summer,2012.0,Casual,Elle Women Off-White & Orange Floral Print Tulip Skirt,dados/fashion-dataset/images/57085.jpg
30901,Women,Apparel,Bottomwear,Salwar,Red,Summer,2012.0,Ethnic,Fabindia Women Red Mangalgiri Salwar,dados/fashion-dataset/images/30901.jpg
2247,Women,Apparel,Apparel Set,Swimwear,Purple,Winter,2010.0,Sports,ADIDAS Women Swimming Purple Cap,dados/fashion-dataset/images/2247.jpg
28632,Women,Apparel,Bottomwear,Capris,Black,Summer,2012.0,Sports,Nike Women Black Sports Capris,dados/fashion-dataset/images/28632.jpg
1584,Unisex,Apparel,Topwear,Jackets,White,Summer,2011.0,Casual,Domyos Unisex Feather-light Jacket,dados/fashion-dataset/images/1584.jpg
7695,Women,Apparel,Bottomwear,Track Pants,Red,Fall,2011.0,Casual,Urban Yoga Women's Bij Red Track Pant,dados/fashion-dataset/images/7695.jpg
53748,Women,Apparel,Bottomwear,Track Pants,Grey,Fall,2012.0,Casual,ADIDAS Women Grey Track Pants,dados/fashion-dataset/images/53748.jpg
5130,Women,Apparel,Topwear,Tops,Black,Summer,2011.0,Casual,Wrangler Women Woodstock Black White Top,dados/fashion-dataset/images/5130.jpg
42563,Women,Apparel,Topwear,Kurtis,Brown,Summer,2012.0,Ethnic,Mother Earth Women Brown Kurti,dados/fashion-dataset/images/42563.jpg
30480,Women,Apparel,Innerwear,Bra,Pink,Summer,2014.0,Casual,Lovable Women Tease Pink Bra,dados/fashion-dataset/images/30480.jpg
9938,Men,Apparel,Topwear,Tshirts,Red,Fall,2011.0,Casual,Probase Men League Red Tshirts,dados/fashion-dataset/images/9938.jpg
52887,Women,Apparel,Saree,Sarees,Blue,Summer,2012.0,Ethnic,FNF Blue Printed Sari,dados/fashion-dataset/images/52887.jpg
51392,Men,Apparel,Innerwear,Boxers,White,Summer,2012.0,Casual,Myntra White Printed Boxers,dados/fashion-dataset/images/51392.jpg
25361,Men,Apparel,Innerwear,Trunk,Black,Summer,2016.0,Casual,Levis Men Black & Green Trunks,dados/fashion-dataset/images/25361.jpg
52903,Women,Apparel,Saree,Sarees,Purple,Fall,2012.0,Ethnic,FNF Purple Printed Sari,dados/fashion-dataset/images/52903.jpg
52468,Women,Apparel,Innerwear,Camisoles,Pink,Winter,2015.0,Casual,Red Rose Pink Camisole,dados/fashion-dataset/images/52468.jpg
57418,Women,Apparel,Loungewear and Nightwear,Robe,Black,Winter,2015.0,Casual,Amante Black Robe,dados/fashion-dataset/images/57418.jpg
54606,Men,Apparel,Innerwear,Briefs,Charcoal,Summer,2016.0,Casual,Jockey ELANCE Men Charcoal  Briefs 1009,dados/fashion-dataset/images/54606.jpg
54053,Women,Apparel,Bottomwear,Leggings,White,Summer,2012.0,Casual,Myntra Women White Leggings,dados/fashion-dataset/images/54053.jpg
34945,Women,Apparel,Topwear,Dupatta,Grey,Summer,2012.0,Ethnic,Fabindia Grey Hand Printed Chanderi Dupatta,dados/fashion-dataset/images/34945.jpg
56232,Men,Apparel,Loungewear and Nightwear,Night suits,Blue,Summer,2016.0,Casual,SDL by Sweet Dreams Men Blue & Grey Pyjama Set,dados/fashion-dataset/images/56232.jpg
52456,Women,Apparel,Loungewear and Nightwear,Nightdress,White,Winter,2015.0,Casual,Red Rose White Printed Nightdress,dados/fashion-dataset/images/52456.jpg
52426,Women,Apparel,Loungewear and Nightwear,Nightdress,Blue,Winter,2015.0,Casual,Red Rose Women Blue Nightdress,dados/fashion-dataset/images/52426.jpg
52149,Women,Apparel,Topwear,Tshirts,Yellow,Summer,2012.0,Casual,Femella Women Yellow Polo T-Shirt,dados/fashion-dataset/images/52149.jpg
28987,Women,Apparel,Apparel Set,Kurta Sets,White,Summer,2012.0,Ethnic,Biba Outlet Women White Printed Churidar Kurta with Dupatta,dados/fashion-dataset/images/28987.jpg
43076,Women,Apparel,Bottomwear,Capris,Black,Summer,2012.0,Sports,Nike Womens Black Capris,dados/fashion-dataset/images/43076.jpg
51377,Men,Apparel,Bottomwear,Shorts,Khaki,Summer,2012.0,Casual,Myntra Men Khaki Shorts,dados/fashion-dataset/images/51377.jpg
4930,Women,Apparel,Bottomwear,Skirts,Blue,Summer,2011.0,Casual,Gini and Jony Girl's Vanida Blue Dungree Infant Kidswear,dados/fashion-dataset/images/4930.jpg
50662,Men,Apparel,Loungewear and Nightwear,Lounge Pants,Navy Blue,Summer,2016.0,Sports,Chromozome Men Navy Blue Lounge Pants,dados/fashion-dataset/images/50662.jpg
59609,Women,Apparel,Saree,Sarees,Khaki,Fall,2012.0,Ethnic,FNF Khaki Collection for Wedding Sari,dados/fashion-dataset/images/59609.jpg
53011,Women,Apparel,Saree,Sarees,Multi,Fall,2012.0,Ethnic,FNF Multi Coloured Sari,dados/fashion-dataset/images/53011.jpg
23071,Men,Apparel,Topwear,Sweaters,Black,Fall,2011.0,Casual,Arrow Men Black Sweater,dados/fashion-dataset/images/23071.jpg
49954,Men,Apparel,Loungewear and Nightwear,Lounge Pants,Black,Summer,2016.0,Casual,Hanes Men Black Lounge Pant,dados/fashion-dataset/images/49954.jpg
32263,Women,Apparel,Topwear,Tunics,Orange,Summer,2012.0,Ethnic,Fabindia Women Printed Orange Tunic,dados/fashion-dataset/images/32263.jpg
37563,Girls,Apparel,Topwear,Rompers,White,Summer,2012.0,Casual,Madagascar3 Infant Boys White Snapsuit Romper,dados/fashion-dataset/images/37563.jpg
53043,Women,Apparel,Saree,Sarees,Purple,Fall,2012.0,Ethnic,FNF Printed Purple Sari,dados/fashion-dataset/images/53043.jpg
33222,Women,Apparel,Topwear,Tunics,Brown,Summer,2012.0,Casual,Sepia Women Brown Tunic,dados/fashion-dataset/images/33222.jpg
25771,Men,Apparel,Topwear,Suspenders,Brown,Summer,2012.0,Formal,Lino Perros Men Light Brown Suspenders,dados/fashion-dataset/images/25771.jpg
18965,Women,Apparel,Topwear,Sweatshirts,Pink,Fall,2011.0,Casual,United Colors of Benetton Women Solid Pink Sweatshirt,dados/fashion-dataset/images/18965.jpg
34937,Women,Apparel,Topwear,Dupatta,Yellow,Summer,2012.0,Ethnic,Fabindia Yellow Dupatta,dados/fashion-dataset/images/34937.jpg
15627,Men,Apparel,Topwear,Sweatshirts,Grey,Fall,2011.0,Casual,Nike Men AS Squad FT PO Hoody Graph Grey Sweatshirts,dados/fashion-dataset/images/15627.jpg
50712,Men,Apparel,Innerwear,Trunk,Red,Summer,2016.0,Casual,Chromozome Men Red Trunks,dados/fashion-dataset/images/50712.jpg
4885,Women,Apparel,Topwear,Tops,Purple,Summer,2011.0,Casual,Levis Kids Girl's Darcy Purple Kidswear,dados/fashion-dataset/images/4885.jpg
17199,Men,Apparel,Topwear,Sweaters,Grey,Winter,2016.0,Casual,U.S. Polo Assn. Men Solid Grey Sweater,dados/fashion-dataset/images/17199.jpg
7552,Men,Apparel,Topwear,Tshirts,Orange,Summer,2011.0,Sports,Nike Men's SS Too Fast Orange T-shirt,dados/fashion-dataset/images/7552.jpg
52031,Unisex,Apparel,Topwear,Rain Jacket,Black,Summer,2012.0,,Just Natural Unisex Black Rain Jacket,dados/fashion-dataset/images/52031.jpg
3482,Men,Apparel,Bottomwear,Track Pants,Blue,Summer,2011.0,Sports,ADIDAS Men's Light Blue Track Pant,dados/fashion-dataset/images/3482.jpg
50995,Women,Apparel,Innerwear,Bra,Pink,Summer,2017.0,Casual,Enamor Trendies Pink Striped Full-Coverage Bra EB37,dados/fashion-dataset/images/50995.jpg
27030,Women,Apparel,Bottomwear,Capris,Blue,Summer,2012.0,Casual,Jealous 21 Women Blue Capris,dados/fashion-dataset/images/27030.jpg
54715,Women,Apparel,Apparel Set,Kurta Sets,Beige,Fall,2012.0,Ethnic,Shree Women Beige & Red Salwar Suit with Dupatta,dados/fashion-dataset/images/54715.jpg
25897,Women,Apparel,Bottomwear,Leggings,Green,Summer,2012.0,Casual,Femella Women Green Skinny Leggings,dados/fashion-dataset/images/25897.jpg
51331,Men,Apparel,Topwear,Rain Jacket,Black,Summer,2015.0,Casual,Wildcraft Men Black Rain Cheater'13,dados/fashion-dataset/images/51331.jpg
50666,Men,Apparel,Loungewear and Nightwear,Lounge Pants,Black,Summer,2018.0,Sports,Chromozome Men Black Fashion Lounge Pants S-5145,dados/fashion-dataset/images/50666.jpg
45655,Men,Apparel,Innerwear,Briefs,White,Summer,2016.0,Casual,Park Avenue White Brief,dados/fashion-dataset/images/45655.jpg
15084,Men,Apparel,Bottomwear,Churidar,White,Fall,2011.0,Ethnic,Mother Earth Men Solid White Churidar,dados/fashion-dataset/images/15084.jpg
40161,Girls,Apparel,Bottomwear,Capris,White,Summer,2012.0,Casual,Gini and Jony Girls White Pedal Pusher,dados/fashion-dataset/images/40161.jpg
1583,Women,Apparel,Bottomwear,Swimwear,Black,Fall,2010.0,Sports,Nabaiji Women Black Swimsuit,dados/fashion-dataset/images/1583.jpg
44632,Men,Apparel,Bottomwear,Track Pants,Grey,Summer,2012.0,Sports,Nike Men Grey AS Sideline Track Pants,dados/fashion-dataset/images/44632.jpg
27029,Women,Apparel,Bottomwear,Capris,Blue,Summer,2012.0,Casual,Jealous 21 Women Blue Capris,dados/fashion-dataset/images/27029.jpg
21917,Women,Apparel,Apparel Set,Kurta Sets,Red,Fall,2011.0,Ethnic,Biba Women Red Printed Churidar Kurta with Dupatta,dados/fashion-dataset/images/21917.jpg
45086,Women,Apparel,Loungewear and Nightwear,Night suits,Pink,Winter,2015.0,Casual,Bwitch Pink Orchid Pyjama Set,dados/fashion-dataset/images/45086.jpg
46013,Women,Apparel,Saree,Sarees,Red,Summer,2012.0,Ethnic,Fabindia Red Self-Striped Saree,dados/fashion-dataset/images/46013.jpg
52421,Women,Apparel,Loungewear and Nightwear,Nightdress,Multi,Summer,2017.0,Casual,Red Rose Women Multi Coloured Nightdress,dados/fashion-dataset/images/52421.jpg
58218,Women,Apparel,Bottomwear,Patiala,Multi,Summer,2012.0,Ethnic,Shree Women Multi Coloured Patiala,dados/fashion-dataset/images/58218.jpg
28452,Women,Apparel,Bottomwear,Leggings,Black,Summer,2012.0,Casual,Urban Yoga Women Black Leggings,dados/fashion-dataset/images/28452.jpg
52470,Women,Apparel,Innerwear,Camisoles,White,Winter,2015.0,Casual,Red Rose White Camisole,dados/fashion-dataset/images/52470.jpg
58211,Women,Apparel,Bottomwear,Patiala,Red,Fall,2012.0,Ethnic,Shree Women Red Printed Patiala,dados/fashion-dataset/images/58211.jpg
56233,Men,Apparel,Loungewear and Nightwear,Night suits,Grey Melange,Summer,2016.0,Casual,SDL by Sweet Dreams Men Grey & Black Pyjama Set,dados/fashion-dataset/images/56233.jpg
50630,Men,Apparel,Innerwear,Trunk,Charcoal,Winter,2016.0,Casual,Chromozome Men Charcoal Grey & Black Trunks,dados/fashion-dataset/images/50630.jpg
20790,Men,Apparel,Topwear,Jackets,Blue,Fall,2011.0,Casual,Basics Men Blue Washed Jacket,dados/fashion-dataset/images/20790.jpg
46246,Women,Apparel,Topwear,Tunics,Green,Summer,2012.0,Casual,Fusion Beats Women Green Printed Tunic,dados/fashion-dataset/images/46246.jpg
16622,Men,Apparel,Bottomwear,Trousers,Khaki,Fall,2011.0,Casual,Probase Men Solid Khaki Trouser,dados/fashion-dataset/images/16622.jpg
16002,Men,Apparel,Topwear,Sweaters,Grey,Fall,2011.0,Casual,Turtle Solid Men Grey Sweaters,dados/fashion-dataset/images/16002.jpg
52502,Women,Apparel,Loungewear and Nightwear,Bath Robe,Pink,Winter,2015.0,Casual,Red Rose Pink & Purple Printed Bath Robe,dados/fashion-dataset/images/52502.jpg
50321,Women,Apparel,Topwear,Kurtis,Black,Summer,2012.0,Ethnic,Aurelia Women Black Kurti,dados/fashion-dataset/images/50321.jpg
8499,Women,Apparel,Bottomwear,Skirts,Pink,Fall,2011.0,Casual,Forever New Women Blossom  Pink Printed Skirt,dados/fashion-dataset/images/8499.jpg
54547,Women,Apparel,Topwear,Tunics,Pink,Summer,2012.0,Casual,Global Desi Women Pink Tunic,dados/fashion-dataset/images/54547.jpg
8759,Men,Apparel,Topwear,Shirts,Red,Fall,2011.0,Casual,Indigo Nation Men Checks Shirt Red Shirts,dados/fashion-dataset/images/8759.jpg
32571,Women,Apparel,Topwear,Sweaters,Grey,Summer,2012.0,Casual,ONLY Women Magenta & Grey Sweater,dados/fashion-dataset/images/32571.jpg
8275,Men,Apparel,Topwear,Tshirts,Blue,Fall,2011.0,Casual,Mr.Men Men's Coral Red T-shirt,dados/fashion-dataset/images/8275.jpg
57925,Women,Apparel,Bottomwear,Leggings,Charcoal,Fall,2012.0,Casual,Femella Women Charcoal Leggings,dados/fashion-dataset/images/57925.jpg
1977,Men,Apparel,Bottomwear,Shorts,Grey,Summer,2011.0,Casual,Tribord Mens Grey Cargo Shorts,dados/fashion-dataset/images/1977.jpg
58209,Women,Apparel,Bottomwear,Patiala,Multi,Fall,2012.0,Ethnic,Shree Women Multi Coloured Patiala,dados/fashion-dataset/images/58209.jpg
28990,Women,Apparel,Apparel Set,Kurta Sets,Pink,Summer,2012.0,Ethnic,Biba Outlet Women Pink Printed Churidar Kurta with Dupatta,dados/fashion-dataset/images/28990.jpg
44630,Men,Apparel,Bottomwear,Track Pants,Charcoal,Summer,2012.0,Sports,Nike Men Charcoal Track Pants,dados/fashion-dataset/images/44630.jpg
19091,Women,Apparel,Topwear,Kurtis,Navy Blue,Fall,2011.0,Ethnic,W Women Gathered Design Navy Blue Kurti,dados/fashion-dataset/images/19091.jpg
59725,Women,Apparel,Innerwear,Bra,White,Summer,2012.0,Casual,Avirate White Bra,dados/fashion-dataset/images/59725.jpg
19004,Women,Apparel,Topwear,Jackets,Red,Summer,2011.0,Casual,ADIDAS Originals Women Firebird Red Jacket,dados/fashion-dataset/images/19004.jpg
15005,Men,Apparel,Topwear,Jackets,Grey,Fall,2011.0,Sports,ADIDAS Men Solid Grey Jackets,dados/fashion-dataset/images/15005.jpg
7053,Men,Apparel,Topwear,Shirts,Blue,Summer,2011.0,Casual,s.Oliver Men Striped Dark Blue Shirt,dados/fashion-dataset/images/7053.jpg
28880,Women,Apparel,Innerwear,Briefs,Black,Summer,2017.0,Casual,Enamor Women Black Mid-Rise Bikini Brief,dados/fashion-dataset/images/28880.jpg
27415,Women,Apparel,Bottomwear,Capris,Black,Winter,2015.0,Casual,Jockey Women Black Relaxed Capris,dados/fashion-dataset/images/27415.jpg
7430,Women,Apparel,Topwear,Tunics,Purple,Summer,2011.0,Casual,W Women Square Neck Short Sleeve Purple Tunic,dados/fashion-dataset/images/7430.jpg
43074,Women,Apparel,Bottomwear,Capris,Black,Summer,2012.0,Sports,Nike Womens Black Capris,dados/fashion-dataset/images/43074.jpg
49953,Men,Apparel,Loungewear and Nightwear,Lounge Pants,Grey,Summer,2016.0,Casual,Hanes Men Grey Knitted Lounge Pants,dados/fashion-dataset/images/49953.jpg
15333,Men,Apparel,Bottomwear,Shorts,Black,Winter,2012.0,Sports,Nike Men Solid Black Shorts,dados/fashion-dataset/images/15333.jpg
17925,Women,Apparel,Bottomwear,Capris,Blue,Fall,2011.0,Casual,Nike Women Casual Blue Capri,dados/fashion-dataset/images/17925.jpg
9256,Men,Apparel,Topwear,Shirts,Blue,Fall,2011.0,Formal,Mark Taylor Men Blue Striped Shirt,dados/fashion-dataset/images/9256.jpg
18869,Women,Apparel,Bottomwear,Track Pants,Black,Fall,2011.0,Casual,Puma Women Black Core Track Pants,dados/fashion-dataset/images/18869.jpg
38569,Men,Apparel,Bottomwear,Shorts,Navy Blue,Spring,2013.0,Casual,Nike Men Navy Blue Shorts,dados/fashion-dataset/images/38569.jpg
50939,Men,Apparel,Innerwear,Innerwear Vests,Navy Blue,Summer,2016.0,Casual,Parx Men Navy Blue Vest,dados/fashion-dataset/images/50939.jpg
57200,Women,Apparel,Topwear,Tunics,Off White,Summer,2012.0,Casual,Elle Women Off White Tunic,dados/fashion-dataset/images/57200.jpg
50689,Men,Apparel,Innerwear,Trunk,Black,Summer,2016.0,Casual,Chromozome Men Black Trunks,dados/fashion-dataset/images/50689.jpg
41302,Girls,Apparel,Dress,Dresses,Pink,Summer,2012.0,Casual,Gini and Jony Girls Blue Saloppette,dados/fashion-dataset/images/41302.jpg
39472,Women,Apparel,Topwear,Kurtis,Cream,Summer,2012.0,Ethnic,Diva Women Cream Kurti,dados/fashion-dataset/images/39472.jpg
22774,Women,Apparel,Topwear,Kurtis,Off White,Fall,2011.0,Ethnic,BIBA OUTLET Women Printed Off White Kurti,dados/fashion-dataset/images/22774.jpg
51591,Women,Apparel,Bottomwear,Jeans,Navy Blue,Summer,2012.0,Casual,Wrangler Women Navy Blue Giselle Jeans,dados/fashion-dataset/images/51591.jpg
59985,Women,Apparel,Dress,Dresses,Green,Fall,2012.0,Casual,Avirate Women Green Dress,dados/fashion-dataset/images/59985.jpg
57107,Women,Apparel,Topwear,Tops,Olive,Summer,2012.0,Casual,Elle Women Green Essentials Top,dados/fashion-dataset/images/57107.jpg
25779,Men,Apparel,Topwear,Suspenders,Black,Summer,2012.0,Formal,Arrow Men Black Suspenders,dados/fashion-dataset/images/25779.jpg
59689,Women,Apparel,Innerwear,Bra,Pink,Summer,2014.0,Casual,Avirate Pink & Black Bra,dados/fashion-dataset/images/59689.jpg
28153,Men,Apparel,Innerwear,Innerwear Vests,White,Summer,2016.0,Casual,Jockey SPORT Men White Innerwear Vest 9925,dados/fashion-dataset/images/28153.jpg
15770,Men,Apparel,Innerwear,Briefs,Grey,Summer,2016.0,Casual,Facit Men Grey Briefs,dados/fashion-dataset/images/15770.jpg
59878,Women,Apparel,Bottomwear,Stockings,Black,Fall,2012.0,Casual,Femella Women Black Stockings,dados/fashion-dataset/images/59878.jpg
25909,Women,Apparel,Bottomwear,Leggings,Pink,Summer,2012.0,Casual,Femella Women Pink Leggings,dados/fashion-dataset/images/25909.jpg
52878,Women,Apparel,Saree,Sarees,Red,Summer,2012.0,Ethnic,FNF Red Sari,dados/fashion-dataset/images/52878.jpg
38992,Boys,Apparel,Topwear,Jackets,Blue,Summer,2012.0,Casual,Gini and Jony Boys Rodeo Blue Jacket,dados/fashion-dataset/images/38992.jpg
39797,Men,Apparel,Bottomwear,Trousers,Black,Summer,2012.0,Formal,Peter England Men Black Formal Trousers,dados/fashion-dataset/images/39797.jpg
52518,Women,Apparel,Loungewear and Nightwear,Baby Dolls,Red,Winter,2015.0,Casual,Red Rose Red Nightdress,dados/fashion-dataset/images/52518.jpg
50026,Women,Apparel,Bottomwear,Leggings,Maroon,Winter,2015.0,Casual,Hanes Women Maroon ComfortSoft Waistband Cotton Stretch Full Leggings,dados/fashion-dataset/images/50026.jpg
13101,Men,Apparel,Topwear,Tshirts,Black,Fall,2011.0,Casual,ADIDAS Men F50 Cl Tee Black T-Shirts,dados/fashion-dataset/images/13101.jpg
52341,Women,Apparel,Loungewear and Nightwear,Nightdress,Orange,Winter,2015.0,Casual,Red Rose Women Orange Nightdress,dados/fashion-dataset/images/52341.jpg
18312,Men,Apparel,Topwear,Sweaters,Grey,Summer,2011.0,Casual,Wills Sport Men Grey Striped Sweater,dados/fashion-dataset/images/18312.jpg
52473,Women,Apparel,Loungewear and Nightwear,Bath Robe,White,Summer,2017.0,Casual,Red Rose Women Pink & White Bath Robes,dados/fashion-dataset/images/52473.jpg
18254,Women,Apparel,Topwear,Kurtas,Green,Fall,2011.0,Ethnic,Aneri Women Protima Green Kurta,dados/fashion-dataset/images/18254.jpg
38830,Women,Apparel,Dress,Dresses,Navy Blue,Summer,2012.0,Casual,Latin Quarters Women Navy Blue Printed Dress,dados/fashion-dataset/images/38830.jpg
59749,Women,Apparel,Loungewear and Nightwear,Nightdress,White,Summer,2012.0,Casual,Avirate White Nightdress,dados/fashion-dataset/images/59749.jpg
52052,Men,Apparel,Topwear,Tshirts,Grey Melange,Summer,2012.0,Casual,Myntra Men Grey Melange T-shirt,dados/fashion-dataset/images/52052.jpg
50516,Men,Apparel,Innerwear,Trunk,Navy Blue,Winter,2016.0,Casual,Chromozome Men Navy Blue Trunks,dados/fashion-dataset/images/50516.jpg
33960,Women,Apparel,Bottomwear,Leggings,Pink,Summer,2012.0,Casual,Femella Women Pink Leggings,dados/fashion-dataset/images/33960.jpg
3918,Men,Apparel,Bottomwear,Track Pants,Grey,Summer,2011.0,Casual,Urban Yoga Men Grey  Bottom Yoga Pants,dados/fashion-dataset/images/3918.jpg
54608,Men,Apparel,Innerwear,Briefs,Blue,Summer,2016.0,Casual,Jockey ELANCE Men Blue Briefs 1009,dados/fashion-dataset/images/54608.jpg
15370,Women,Apparel,Topwear,Sweatshirts,Pink,Fall,2011.0,Casual,Urban Yoga Women Solid Pink Sweatshirts,dados/fashion-dataset/images/15370.jpg
27950,Men,Apparel,Innerwear,Trunk,White,Summer,2016.0,Casual,Jockey CSM Men Comfort Stretch White Trunks CS04,dados/fashion-dataset/images/27950.jpg
25961,Women,Apparel,Topwear,Tunics,Black,Summer,2012.0,Casual,Femella Women Black Tunic,dados/fashion-dataset/images/25961.jpg
42218,Women,Apparel,Topwear,Tops,Blue,Summer,2012.0,Casual,Sepia Women Blue Printed Top,dados/fashion-dataset/images/42218.jpg
49762,Women,Apparel,Bottomwear,Leggings,Purple,Summer,2012.0,Casual,Vishudh Purple Leggings,dados/fashion-dataset/images/49762.jpg
52921,Women,Apparel,Saree,Sarees,Mustard,Fall,2012.0,Ethnic,FNF Mustard Printed Sari,dados/fashion-dataset/images/52921.jpg
21907,Women,Apparel,Apparel Set,Kurta Sets,Blue,Fall,2011.0,Ethnic,Biba Women Blue Printed Churidar Kurta with Dupatta,dados/fashion-dataset/images/21907.jpg
27423,Women,Apparel,Loungewear and Nightwear,Lounge Shorts,Magenta,Winter,2015.0,Casual,Jockey Women Magenta Lounge Shorts,dados/fashion-dataset/images/27423.jpg
57893,Women,Apparel,Bottomwear,Leggings,Cream,Fall,2012.0,Casual,Femella Women Cream Leggings,dados/fashion-dataset/images/57893.jpg
53338,Men,Apparel,Innerwear,Boxers,White,Summer,2016.0,Casual,Smugglerz Men White Check Boxers,dados/fashion-dataset/images/53338.jpg
52424,Women,Apparel,Loungewear and Nightwear,Nightdress,Cream,Winter,2015.0,Casual,Red Rose Women Cream Nightdress,dados/fashion-dataset/images/52424.jpg
32266,Men,Apparel,Loungewear and Nightwear,Lounge Pants,Navy Blue,Summer,2016.0,Casual,2go Active Gear USA Men Red Pele Track Pants,dados/fashion-dataset/images/32266.jpg
39795,Men,Apparel,Bottomwear,Trousers,Black,Summer,2012.0,Formal,Peter England Men Black Formal Trousers,dados/fashion-dataset/images/39795.jpg
23144,Women,Apparel,Topwear,Sweatshirts,Brown,Fall,2011.0,Casual,Quechua Women  Fleece Brown Sweatshirt,dados/fashion-dataset/images/23144.jpg
52483,Women,Apparel,Innerwear,Camisoles,Black,Winter,2015.0,Casual,Red Rose Black Camisole,dados/fashion-dataset/images/52483.jpg
14918,Men,Apparel,Topwear,Tshirts,Green,Fall,2011.0,Casual,Mr. Men Men Mr.Tickel Green Tshirts,dados/fashion-dataset/images/14918.jpg
33506,Women,Apparel,Bottomwear,Capris,Green,Summer,2012.0,Casual,Doodle Kids Girl  Green Capris,dados/fashion-dataset/images/33506.jpg
55819,Women,Apparel,Loungewear and Nightwear,Night suits,Grey,Summer,2017.0,Casual,SDL by Sweet Dreams Women Grey & Yellow Night Suit S11-3230,dados/fashion-dataset/images/55819.jpg
47659,Women,Apparel,Topwear,Tunics,Black,Summer,2012.0,Casual,Femella Women Black Tunic,dados/fashion-dataset/images/47659.jpg
6220,Men,Apparel,Topwear,Tshirts,Orange,Summer,2011.0,Casual,Lee Men's Believe Burnt Orange T-shirt,dados/fashion-dataset/images/6220.jpg
28106,Men,Apparel,Innerwear,Boxers,Charcoal,Summer,2016.0,Casual,Jockey MODERN CLASSIC Men Charcoal Boxer 8009,dados/fashion-dataset/images/28106.jpg
30798,Men,Apparel,Topwear,Shirts,Beige,Summer,2012.0,Ethnic,Fabindia Men Beige Shirt,dados/fashion-dataset/images/30798.jpg
12789,Women,Apparel,Topwear,Kurtas,White,Fall,2011.0,Ethnic,Mother Earth Women Sajiya Collt White Kurtas,dados/fashion-dataset/images/12789.jpg
24535,Women,Apparel,Topwear,Kurtis,Blue,Fall,2011.0,Ethnic,Mother Earth Women Blue Printed Kurti,dados/fashion-dataset/images/24535.jpg
30741,Men,Apparel,Topwear,Nehru Jackets,Brown,Summer,2012.0,Ethnic,Fabindia Men Brown Silk Sleeveless Jacket,dados/fashion-dataset/images/30741.jpg
41975,Girls,Apparel,Bottomwear,Capris,White,Summer,2012.0,Casual,Gini and Jony Girls White Pedal Pusher,dados/fashion-dataset/images/41975.jpg
40432,Women,Apparel,Bottomwear,Skirts,Black,Summer,2012.0,Formal,Tonga Women Black Skirt,dados/fashion-dataset/images/40432.jpg
56249,Men,Apparel,Loungewear and Nightwear,Night suits,White,Summer,2016.0,Casual,SDL by Sweet Dreams Men White Pyjama Set,dados/fashion-dataset/images/56249.jpg
25902,Women,Apparel,Bottomwear,Leggings,Grey,Summer,2012.0,Casual,Femella Women Grey Skinny Leggings,dados/fashion-dataset/images/25902.jpg
59620,Women,Apparel,Saree,Sarees,Green,Summer,2012.0,Ethnic,FNF Green & Black Wedding Collection Sari,dados/fashion-dataset/images/59620.jpg
48383,Men,Apparel,Bottomwear,Jeans,Black,Summer,2012.0,Casual,French Connection Men Black Jeans,dados/fashion-dataset/images/48383.jpg
51369,Women,Apparel,Bottomwear,Capris,Blue,Summer,2012.0,Casual,Spykar Women Blue Capri,dados/fashion-dataset/images/51369.jpg
59794,Women,Apparel,Topwear,Tunics,Blue,Fall,2012.0,Casual,United Colors of Benetton Women Blue Tunic,dados/fashion-dataset/images/59794.jpg
50488,Men,Apparel,Innerwear,Trunk,Black,Winter,2016.0,Casual,Chromozome Men Black Trunks,dados/fashion-dataset/images/50488.jpg
50492,Men,Apparel,Innerwear,Innerwear Vests,Black,Winter,2016.0,Casual,Chromozome Men Black Innerwear Vest,dados/fashion-dataset/images/50492.jpg
50694,Men,Apparel,Innerwear,Trunk,Blue,Summer,2016.0,Casual,Chromozome Men Blue Trunks,dados/fashion-dataset/images/50694.jpg
50966,Women,Apparel,Innerwear,Bra,Navy Blue,Summer,2017.0,Casual,Enamor Navy Blue Smooth Bra,dados/fashion-dataset/images/50966.jpg
56271,Women,Apparel,Innerwear,Bra,Nude,Summer,2017.0,Casual,Biara Women Nude Bra,dados/fashion-dataset/images/56271.jpg
44304,Men,Apparel,Bottomwear,Shorts,Grey,Summer,2012.0,Casual,Indian Terrain Men Grey Shorts,dados/fashion-dataset/images/44304.jpg
24503,Women,Apparel,Topwear,Kurtas,Red,Fall,2011.0,Ethnic,Mother Earth Women Red Printed Kurta,dados/fashion-dataset/images/24503.jpg
34299,Women,Apparel,Topwear,Dupatta,Pink,Summer,2012.0,Ethnic,Fabindia Women Pink Tussar Dupatta,dados/fashion-dataset/images/34299.jpg
15790,Men,Apparel,Innerwear,Briefs,Green,Summer,2016.0,Casual,Facit Men Green Comfort Briefs,dados/fashion-dataset/images/15790.jpg
30736,Men,Apparel,Bottomwear,Churidar,White,Summer,2012.0,Ethnic,Fabindia Men White Churidar,dados/fashion-dataset/images/30736.jpg
12534,Men,Apparel,Topwear,Sweatshirts,Grey,Fall,2011.0,Casual,Puma Men Printed Grey Sweatshirts,dados/fashion-dataset/images/12534.jpg
8835,Men,Apparel,Bottomwear,Trousers,Green,Summer,2011.0,Formal,Scullers Men Scul Green Trousers,dados/fashion-dataset/images/8835.jpg
28071,Men,Apparel,Innerwear,Trunk,White,Winter,2016.0,Casual,Jockey ELANCE Men Elance White Trunks 1015,dados/fashion-dataset/images/28071.jpg
17901,Men,Apparel,Topwear,Jackets,Black,Fall,2011.0,Sports,Nike Men Football Soccer Black Jacket,dados/fashion-dataset/images/17901.jpg
38722,Women,Apparel,Topwear,Tunics,Cream,Summer,2012.0,Ethnic,Global Desi Women Cream Tunic,dados/fashion-dataset/images/38722.jpg
33980,Women,Apparel,Bottomwear,Stockings,Black,Summer,2012.0,Casual,Femella Women Black Stockings,dados/fashion-dataset/images/33980.jpg
52904,Women,Apparel,Saree,Sarees,Red,Fall,2012.0,Ethnic,FNF Printed Red Sari,dados/fashion-dataset/images/52904.jpg
3909,Women,Apparel,Bottomwear,Capris,Red,Summer,2011.0,Casual,Urban Yoga Women Yoga Red Capri,dados/fashion-dataset/images/3909.jpg
1609,Women,Apparel,Topwear,Sweatshirts,Pink,Fall,2010.0,Sports,Reebok Women Boat-Neck Wildberry Sweatshirt,dados/fashion-dataset/images/1609.jpg
28048,Men,Apparel,Innerwear,Briefs,White,Summer,2016.0,Casual,Jockey ELANCE Men White Hi-Cut Brief 1008,dados/fashion-dataset/images/28048.jpg
15967,Men,Apparel,Topwear,Shirts,Red,Fall,2011.0,Casual,Turtle Check Men Red Shirt,dados/fashion-dataset/images/15967.jpg
31439,Men,Apparel,Bottomwear,Trousers,Olive,Summer,2012.0,Casual,HIghlander Men Olive Trousers,dados/fashion-dataset/images/31439.jpg
5002,Women,Apparel,Bottomwear,Shorts,Pink,Summer,2011.0,Casual,Gini and Jony Girl's Jolene Pink Kidswear,dados/fashion-dataset/images/5002.jpg
24558,Women,Apparel,Topwear,Kurtas,Blue,Fall,2011.0,Ethnic,Vishudh Women Blue Printed Kurta,dados/fashion-dataset/images/24558.jpg
23870,Men,Apparel,Bottomwear,Track Pants,Black,Fall,2011.0,Casual,ADIDAS Men Black  Track Pant,dados/fashion-dataset/images/23870.jpg
27010,Women,Apparel,Bottomwear,Capris,Blue,Summer,2012.0,Casual,Jealous 21 Women Washed Light Blue Capris,dados/fashion-dataset/images/27010.jpg
50873,Women,Apparel,Saree,Sarees,Maroon,Summer,2012.0,Ethnic,Prafful Maroon & Black Sari,dados/fashion-dataset/images/50873.jpg
31611,Men,Apparel,Topwear,Shirts,Blue,Summer,2012.0,Formal,Indigo Nation Men Striped Blue Shirt,dados/fashion-dataset/images/31611.jpg
36250,Men,Apparel,Loungewear and Nightwear,Night suits,Navy Blue,Summer,2016.0,Casual,SDL by Sweet Dreams Men Navy Blue Pyjama Set,dados/fashion-dataset/images/36250.jpg
9420,Men,Apparel,Topwear,Shirts,Maroon,Fall,2011.0,Formal,John Miller Men Maroon grey Stripe Maroon Shirts,dados/fashion-dataset/images/9420.jpg
30815,Women,Apparel,Bottomwear,Leggings,Mustard,Summer,2012.0,Ethnic,Fabindia Women Mustard Leggings,dados/fashion-dataset/images/30815.jpg
50634,Men,Apparel,Innerwear,Innerwear Vests,Black,Winter,2016.0,Casual,Chromozome Men Black Innerwear Vest,dados/fashion-dataset/images/50634.jpg
48090,Women,Apparel,Topwear,Tops,Olive,Summer,2012.0,Casual,French Connection Women Olive Top,dados/fashion-dataset/images/48090.jpg
32632,Women,Apparel,Bottomwear,Capris,Grey,Summer,2012.0,Sports,Nike Women Legend Slim Poly Grey Capris,dados/fashion-dataset/images/32632.jpg
52164,Women,Apparel,Topwear,Tops,Purple,Summer,2012.0,Casual,Femella Women Purple Top,dados/fashion-dataset/images/52164.jpg
50883,Women,Apparel,Saree,Sarees,Purple,Fall,2012.0,Ethnic,Prafful Purple & Green Crepe Printed Sari,dados/fashion-dataset/images/50883.jpg
34388,Men,Apparel,Topwear,Tshirts,Red,Summer,2012.0,Casual,Myntra Men Red Life Is My Right T-shirt,dados/fashion-dataset/images/34388.jpg
13443,Women,Apparel,Topwear,Tops,White,Summer,2011.0,Casual,United Colors of Benetton Women Solid White Tops,dados/fashion-dataset/images/13443.jpg
19488,Men,Apparel,Innerwear,Trunk,Maroon,Summer,2016.0,Casual,Levis Men Jazz Stripes Maroon Trunks,dados/fashion-dataset/images/19488.jpg
37512,Boys,Apparel,Socks,Booties,Blue,Summer,2012.0,Casual,Madagascar 3 Infant Boys Blue Booties,dados/fashion-dataset/images/37512.jpg
50568,Men,Apparel,Innerwear,Trunk,Charcoal,Summer,2016.0,Casual,Chromozome Men Charcoal Trunks,dados/fashion-dataset/images/50568.jpg
30477,Women,Apparel,Innerwear,Bra,Beige,Summer,2014.0,Casual,Lovable Women Encircle Beige Bra,dados/fashion-dataset/images/30477.jpg
27222,Women,Apparel,Bottomwear,Capris,Pink,Summer,2012.0,Casual,Doodle Kids Girl  Pink Capris,dados/fashion-dataset/images/27222.jpg
34268,Women,Apparel,Topwear,Dupatta,Purple,Summer,2012.0,Ethnic,Fabindia Women Printed Purple Dupatta,dados/fashion-dataset/images/34268.jpg
30929,Women,Apparel,Bottomwear,Skirts,Grey,Summer,2012.0,Ethnic,Fabindia Women Grey Skirt,dados/fashion-dataset/images/30929.jpg
10056,Men,Apparel,Bottomwear,Tracksuits,Black,Fall,2011.0,Sports,ADIDAS Men Cfc Pes Black Tracksuits,dados/fashion-dataset/images/10056.jpg
28068,Men,Apparel,Innerwear,Trunk,Navy Blue,Summer,2016.0,Casual,Jockey ELANCE Men Navy Blue Elance Brief 1015,dados/fashion-dataset/images/28068.jpg
47507,Men,Apparel,Innerwear,Innerwear Vests,White,Summer,2016.0,Casual,Facit Men White Facit Innerwear Vest,dados/fashion-dataset/images/47507.jpg
53558,Men,Apparel,Innerwear,Boxers,Navy Blue,Summer,2016.0,Casual,Probase Navy Boxers,dados/fashion-dataset/images/53558.jpg
34271,Women,Apparel,Topwear,Dupatta,Off White,Summer,2012.0,Ethnic,Fabindia Women Printed Off White & Black Dupatta,dados/fashion-dataset/images/34271.jpg
45994,Women,Apparel,Saree,Sarees,Teal,Summer,2012.0,Ethnic,Fabindia Teal Green Mangalgiri Saree,dados/fashion-dataset/images/45994.jpg
28794,Men,Apparel,Bottomwear,Jeans,Blue,Summer,2012.0,Casual,Denizen Men Blue Jeans,dados/fashion-dataset/images/28794.jpg
54974,Women,Apparel,Dress,Dresses,Black,Fall,2012.0,Casual,Femella Women Black Dress,dados/fashion-dataset/images/54974.jpg
51032,Women,Apparel,Loungewear and Nightwear,Nightdress,Lavender,Summer,2017.0,Casual,Enamor Women Lavender Nightdress,dados/fashion-dataset/images/51032.jpg
47505,Men,Apparel,Innerwear,Innerwear Vests,Orange,Summer,2016.0,Casual,Facit Men Orange Innerwear Vest,dados/fashion-dataset/images/47505.jpg
37895,Women,Apparel,Bottomwear,Tights,Multi,Summer,2012.0,Casual,Happy Socks Women Striped Tights,dados/fashion-dataset/images/37895.jpg
18205,Men,Apparel,Topwear,Jackets,Navy Blue,Fall,2011.0,Casual,Probase Men Solid Navy Blue Jacket,dados/fashion-dataset/images/18205.jpg
41331,Women,Apparel,Topwear,Dupatta,Burgundy,Fall,2012.0,Ethnic,Aurelia Women Wine Dupatta,dados/fashion-dataset/images/41331.jpg
52354,Women,Apparel,Loungewear and Nightwear,Nightdress,Yellow,Winter,2015.0,Casual,Red Rose Women Yellow Nightdress,dados/fashion-dataset/images/52354.jpg
4797,Men,Apparel,Bottomwear,Shorts,Grey,Summer,2011.0,Sports,ADIDAS Men's Ess Dark Iron Brown Short,dados/fashion-dataset/images/4797.jpg
54704,Women,Apparel,Apparel Set,Kurta Sets,Beige,Summer,2012.0,Ethnic,Shree Women Beige and Red Salwar Suit with Dupatta,dados/fashion-dataset/images/54704.jpg
8846,Men,Apparel,Bottomwear,Trousers,Cream,Summer,2011.0,Casual,Scullers Men Scul Cream Trousers,dados/fashion-dataset/images/8846.jpg
4808,Men,Apparel,Bottomwear,Shorts,Black,Summer,2011.0,Sports,ADIDAS Men's Prophecy Black Yellow Short,dados/fashion-dataset/images/4808.jpg
52415,Women,Apparel,Loungewear and Nightwear,Night suits,Pink,Winter,2015.0,Casual,Red Rose Pink Pyjama Set,dados/fashion-dataset/images/52415.jpg
59104,Men,Apparel,Topwear,Rain Jacket,Brown,Summer,2012.0,Casual,Just Natural Men Brown Rain Jacket,dados/fashion-dataset/images/59104.jpg
41972,Girls,Apparel,Topwear,Tops,Blue,Summer,2012.0,Casual,Gini and Jony Girls Summer Up Blue Top,dados/fashion-dataset/images/41972.jpg
44688,Women,Apparel,Dress,Dresses,Off White,Summer,2012.0,Casual,Wills Lifestyle Women Off White Dress,dados/fashion-dataset/images/44688.jpg
59730,Women,Apparel,Innerwear,Shapewear,White,Summer,2014.0,Casual,Avirate White Wired Corset Shapewear,dados/fashion-dataset/images/59730.jpg
53053,Women,Apparel,Saree,Sarees,Multi,Fall,2012.0,Ethnic,FNF Multi Coloured Printed Sari,dados/fashion-dataset/images/53053.jpg
34250,Men,Apparel,Bottomwear,Shorts,Charcoal,Summer,2013.0,Sports,Proline Charcoal Grey Shorts,dados/fashion-dataset/images/34250.jpg
45949,Women,Apparel,Topwear,Tops,White,Summer,2012.0,Casual,Tokyo Talkies Women White Top,dados/fashion-dataset/images/45949.jpg
6860,Women,Apparel,Bottomwear,Skirts,Black,Summer,2011.0,Casual,Forever New Women's Short Black Skirt,dados/fashion-dataset/images/6860.jpg
47526,Men,Apparel,Innerwear,Briefs,Grey,Summer,2016.0,Casual,Facit Men Grey Brief,dados/fashion-dataset/images/47526.jpg
31425,Men,Apparel,Bottomwear,Trousers,Grey,Summer,2012.0,Casual,Highlander Men Grey Trousers,dados/fashion-dataset/images/31425.jpg
52495,Women,Apparel,Loungewear and Nightwear,Bath Robe,Pink,Winter,2015.0,Casual,Red Rose Women Light Pink Bath Robe,dados/fashion-dataset/images/52495.jpg
22463,Women,Apparel,Bottomwear,Leggings,Maroon,Fall,2011.0,Casual,Myntra Women Maroon Leggings,dados/fashion-dataset/images/22463.jpg
41785,Women,Apparel,Topwear,Tops,Purple,Summer,2012.0,Casual,Remanika Women Purple Top,dados/fashion-dataset/images/41785.jpg
14598,Women,Apparel,Bottomwear,Stockings,Purple,Summer,2011.0,Casual,United Colors of Benetton Women Solid Purple Stockings,dados/fashion-dataset/images/14598.jpg
50030,Men,Apparel,Loungewear and Nightwear,Lounge Pants,Black,Summer,2016.0,Casual,Hanes Men Black Relaxed Sports Pants,dados/fashion-dataset/images/50030.jpg
50043,Women,Apparel,Innerwear,Bra,Black,Winter,2015.0,Casual,Hanes Women Black Concealing Petals Strapless Bra,dados/fashion-dataset/images/50043.jpg
34948,Women,Apparel,Topwear,Dupatta,Red,Summer,2012.0,Ethnic,Fabindia Red Hand Printed Chanderi Dupatta,dados/fashion-dataset/images/34948.jpg
13520,Women,Apparel,Topwear,Sweaters,Purple,Fall,2011.0,Casual,Jealous 21 Women Solid Purple Sweaters,dados/fashion-dataset/images/13520.jpg
29277,Women,Apparel,Topwear,Shirts,Blue,Summer,2012.0,Casual,Wrangler Women Salena Blue Shirt,dados/fashion-dataset/images/29277.jpg
11098,Women,Apparel,Bottomwear,Leggings,Purple,Fall,2011.0,Ethnic,Scullers Women Solid Purple Leggings,dados/fashion-dataset/images/11098.jpg
26863,Women,Apparel,Bottomwear,Skirts,Navy Blue,Summer,2012.0,Casual,Jealous 21 Women Navy Blue Skirts,dados/fashion-dataset/images/26863.jpg
14538,Women,Apparel,Topwear,Kurtis,Black,Fall,2011.0,Ethnic,Vishudh Women Golden Print Black and Blue Kurtis,dados/fashion-dataset/images/14538.jpg
48388,Men,Apparel,Bottomwear,Jeans,Blue,Summer,2012.0,Casual,French Connection Men Blue Jeans,dados/fashion-dataset/images/48388.jpg
15461,Men,Apparel,Bottomwear,Tracksuits,Black,Fall,2011.0,Sports,Puma Men Black Tracksuit,dados/fashion-dataset/images/15461.jpg
26367,Women,Apparel,Topwear,Shirts,Lavender,Summer,2012.0,,Arrow Woman Lavender Shirt,dados/fashion-dataset/images/26367.jpg
13855,Men,Apparel,Bottomwear,Trousers,Blue,Fall,2011.0,Formal,Indigo Nation Men Solid Blue Trousers,dados/fashion-dataset/images/13855.jpg
25542,Women,Apparel,Topwear,Tops,Yellow,Summer,2012.0,Casual,Wrangler Women Striper Tank Yellow Top,dados/fashion-dataset/images/25542.jpg
16512,Men,Apparel,Bottomwear,Jeans,Blue,Fall,2011.0,Casual,Locomotive Men Washed Blue Jeans,dados/fashion-dataset/images/16512.jpg
20037,Women,Apparel,Bottomwear,Stockings,Black,Fall,2011.0,Casual,United Colors Of Benetton Women Black Tights,dados/fashion-dataset/images/20037.jpg
44912,Men,Apparel,Bottomwear,Track Pants,Black,Summer,2012.0,Casual,Puma Men Black Track Pants,dados/fashion-dataset/images/44912.jpg
43332,Women,Apparel,Topwear,Tunics,Grey,Summer,2012.0,Casual,United Colors of Benetton Women Grey Tunic,dados/fashion-dataset/images/43332.jpg
57368,Women,Apparel,Innerwear,Briefs,Brown,Winter,2015.0,Casual,Amante Women Brown Briefs PCLR02,dados/fashion-dataset/images/57368.jpg
50705,Women,Apparel,Topwear,Tops,Cream,Summer,2012.0,Casual,Latin Quarters Women Cream Printed Top,dados/fashion-dataset/images/50705.jpg
37584,Girls,Apparel,Topwear,Rompers,Green,Summer,2012.0,Casual,Madagascar3 Infant Girls Light Green Snapsuit Romper,dados/fashion-dataset/images/37584.jpg
12112,Women,Apparel,Topwear,Kurtis,Purple,Fall,2011.0,Ethnic,W Women Printed Purple Kurtis,dados/fashion-dataset/images/12112.jpg
14596,Women,Apparel,Bottomwear,Stockings,Black,Summer,2011.0,Casual,United Colors of Benetton Women Solid Black Stockings,dados/fashion-dataset/images/14596.jpg
18866,Men,Apparel,Bottomwear,Track Pants,Grey,Fall,2011.0,Casual,Puma Men Solid Grey Core Sweat Pants,dados/fashion-dataset/images/18866.jpg
14028,Men,Apparel,Bottomwear,Tracksuits,Black,Fall,2011.0,Casual,Nike Men Solid Black Tracksuits,dados/fashion-dataset/images/14028.jpg
51059,Women,Apparel,Loungewear and Nightwear,Nightdress,Black,Summer,2017.0,Casual,Enamor Women Black Nightdress,dados/fashion-dataset/images/51059.jpg
50031,Men,Apparel,Loungewear and Nightwear,Lounge Pants,Grey,Summer,2016.0,Casual,Hanes Men Grey Relaxed Sports Pants,dados/fashion-dataset/images/50031.jpg
52362,Women,Apparel,Loungewear and Nightwear,Nightdress,Off White,Winter,2015.0,Casual,Red Rose Women Off White Nightdress,dados/fashion-dataset/images/52362.jpg
15814,Men,Apparel,Innerwear,Briefs,Black,Summer,2016.0,Casual,Facit Men Stringz Black Briefs,dados/fashion-dataset/images/15814.jpg
29043,Men,Apparel,Bottomwear,Tracksuits,Navy Blue,Summer,2012.0,Sports,ADIDAS Men Navy Blue Tracksuit,dados/fashion-dataset/images/29043.jpg
51390,Men,Apparel,Innerwear,Boxers,Navy Blue,Summer,2012.0,Casual,Myntra Navy Blue Printed Boxers,dados/fashion-dataset/images/51390.jpg
42197,Women,Apparel,Topwear,Tunics,Navy Blue,Summer,2012.0,Casual,Sepia Women Navy Blue Tunic,dados/fashion-dataset/images/42197.jpg
34494,Women,Apparel,Bottomwear,Skirts,Black,Summer,2012.0,Formal,Van Heusen Woman Black Skirt,dados/fashion-dataset/images/34494.jpg
19574,Men,Apparel,Bottomwear,Track Pants,Grey,Summer,2011.0,Casual,United Colors of Benetton Men Solid Grey Track Pants,dados/fashion-dataset/images/19574.jpg
15083,Men,Apparel,Bottomwear,Churidar,Black,Fall,2011.0,Ethnic,Mother Earth Men Solid Black Churidar,dados/fashion-dataset/images/15083.jpg
51351,Women,Apparel,Bottomwear,Jeans,Blue,Summer,2012.0,Casual,Spykar Women Blue Jeans,dados/fashion-dataset/images/51351.jpg
52357,Women,Apparel,Loungewear and Nightwear,Nightdress,Yellow,Winter,2015.0,Casual,Red Rose Women Yellow Nightdress,dados/fashion-dataset/images/52357.jpg
38997,Girls,Apparel,Dress,Dresses,Blue,Summer,2012.0,Casual,Gini and Jony Girls Digital Blue Dress,dados/fashion-dataset/images/38997.jpg
25794,Men,Apparel,Topwear,Suspenders,Navy Blue,Summer,2012.0,Formal,Arrow Men Navy Blue Suspenders,dados/fashion-dataset/images/25794.jpg
51801,Women,Apparel,Loungewear and Nightwear,Nightdress,Pink,Summer,2016.0,Casual,Bwitch Women Pink Nightdress,dados/fashion-dataset/images/51801.jpg
15823,Men,Apparel,Innerwear,Innerwear Vests,Charcoal,Summer,2016.0,Casual,Facit Men Hunk Charcoal Innerwear Vest,dados/fashion-dataset/images/15823.jpg
34923,Women,Apparel,Topwear,Dupatta,Green,Summer,2012.0,Ethnic,Fabindia Green Dupatta,dados/fashion-dataset/images/34923.jpg
43461,Women,Apparel,Loungewear and Nightwear,Night suits,Black,Summer,2017.0,Casual,SDL by Sweet Dreams Women Black Jumpsuit,dados/fashion-dataset/images/43461.jpg
51590,Women,Apparel,Bottomwear,Jeggings,Navy Blue,Summer,2012.0,Casual,Wrangler Women Navy Blue Jeggings,dados/fashion-dataset/images/51590.jpg
15820,Men,Apparel,Innerwear,Innerwear Vests,White,Summer,2016.0,Casual,Facit Men Basic White Innerwear Vest,dados/fashion-dataset/images/15820.jpg
42264,Men,Apparel,Bottomwear,Jeans,Blue,Summer,2012.0,Casual,John Players Men Blue Jeans,dados/fashion-dataset/images/42264.jpg
45661,Men,Apparel,Innerwear,Innerwear Vests,Grey Melange,Summer,2016.0,Casual,Park Avenue Men Grey Melange Square Neck Vest,dados/fashion-dataset/images/45661.jpg
46017,Women,Apparel,Topwear,Kurtas,Orange,Summer,2012.0,Ethnic,Fabindia Women Orange Printed Kurta,dados/fashion-dataset/images/46017.jpg
49968,Men,Apparel,Innerwear,Innerwear Vests,White,Summer,2016.0,Casual,Hanes Men White Innerwear Vest,dados/fashion-dataset/images/49968.jpg
18385,Men,Apparel,Innerwear,Briefs,Red,Summer,2016.0,Casual,Undercolors of Benetton Men Red Tanga Brief,dados/fashion-dataset/images/18385.jpg
52026,Unisex,Apparel,Topwear,Rain Jacket,Grey,Summer,2012.0,,Just Natural Unisex Grey Rain Jacket,dados/fashion-dataset/images/52026.jpg
32446,Men,Apparel,Bottomwear,Shorts,Black,Summer,2012.0,Sports,ADIDAS Men Black 3/4 Length Pants,dados/fashion-dataset/images/32446.jpg
15673,Men,Apparel,Bottomwear,Jeans,Blue,Fall,2011.0,Casual,Highlander Men High Original Blue Jeans,dados/fashion-dataset/images/15673.jpg
20229,Women,Apparel,Topwear,Sweaters,Blue,Fall,2011.0,Casual,Wrangler Women Cable Blue Sweater,dados/fashion-dataset/images/20229.jpg
15756,Men,Apparel,Innerwear,Innerwear Vests,White,Summer,2016.0,Casual,Facit Men Regular White Innerwear Vest,dados/fashion-dataset/images/15756.jpg
2956,Women,Apparel,Topwear,Tops,Yellow,Fall,2010.0,Casual,DUSG Women Rishikesh Organic Wheat Top,dados/fashion-dataset/images/2956.jpg
30733,Men,Apparel,Bottomwear,Churidar,Off White,Summer,2012.0,Ethnic,Fabindia Men Off White Churidar,dados/fashion-dataset/images/30733.jpg
12765,Women,Apparel,Bottomwear,Jeans,Black,Fall,2011.0,Casual,Spykar Women Washed Black Jeans,dados/fashion-dataset/images/12765.jpg
30945,Women,Apparel,Topwear,Kurtis,Purple,Summer,2012.0,Ethnic,Fabindia Women Purple Silk Kurti,dados/fashion-dataset/images/30945.jpg
53014,Women,Apparel,Saree,Sarees,Red,Fall,2012.0,Ethnic,FNF Red Sari,dados/fashion-dataset/images/53014.jpg
50466,Men,Apparel,Innerwear,Trunk,Black,Winter,2016.0,Casual,Chromozome Men Black Trunks,dados/fashion-dataset/images/50466.jpg
31161,Boys,Apparel,Topwear,Blazers,Navy Blue,Summer,2012.0,Casual,Gini and Jony Boys Printed Navy Blue Blazer,dados/fashion-dataset/images/31161.jpg
52506,Women,Apparel,Loungewear and Nightwear,Bath Robe,Blue,Winter,2015.0,Casual,Red Rose Women Blue Floral Printed Bathrobe,dados/fashion-dataset/images/52506.jpg
33962,Women,Apparel,Topwear,Tunics,Grey,Summer,2012.0,Casual,Femella Women Grey Tunic,dados/fashion-dataset/images/33962.jpg
46007,Women,Apparel,Saree,Sarees,Blue,Summer,2012.0,Ethnic,Fabindia Blue Mull Printed Sari,dados/fashion-dataset/images/46007.jpg
28779,Women,Apparel,Topwear,Kurtis,Green,Summer,2012.0,Ethnic,Aurelia Women Printed Green Kurti,dados/fashion-dataset/images/28779.jpg
52372,Women,Apparel,Loungewear and Nightwear,Nightdress,Green,Winter,2015.0,Casual,Red Rose Women Green Nightdress,dados/fashion-dataset/images/52372.jpg
39144,Women,Apparel,Apparel Set,Kurta Sets,Purple,Summer,2012.0,Ethnic,Aneri Women Purple & Blue Salwar Suit,dados/fashion-dataset/images/39144.jpg
45647,Men,Apparel,Innerwear,Briefs,Navy Blue,Summer,2016.0,Casual,Park Avenue Men Navy Blue Briefs,dados/fashion-dataset/images/45647.jpg
11520,Women,Apparel,Bottomwear,Jeans,Black,Fall,2011.0,Casual,United Colors of Benetton Women Denim Black Jeans,dados/fashion-dataset/images/11520.jpg
16691,Men,Apparel,Topwear,Sweaters,Red,Fall,2011.0,Casual,Fila Men Blanc Red Sweater,dados/fashion-dataset/images/16691.jpg
19551,Men,Apparel,Topwear,Sweatshirts,Blue,Summer,2011.0,Casual,United Colors of Benetton Men Solid Blue SweatShirt,dados/fashion-dataset/images/19551.jpg
13789,Men,Apparel,Topwear,Sweaters,Grey,Fall,2011.0,Casual,Proline Grey Striped Sweater,dados/fashion-dataset/images/13789.jpg
34259,Men,Apparel,Bottomwear,Tracksuits,Grey,Summer,2012.0,Sports,Proline Men Grey Tracksuit,dados/fashion-dataset/images/34259.jpg
50906,Women,Apparel,Saree,Sarees,Pink,Fall,2012.0,Ethnic,Prafful Grey & Pink Coloured Printed Sari,dados/fashion-dataset/images/50906.jpg
50692,Men,Apparel,Innerwear,Trunk,Grey,Summer,2016.0,Casual,Chromozome Men Grey Trunk Trunks,dados/fashion-dataset/images/50692.jpg
15825,Men,Apparel,Innerwear,Innerwear Vests,Red,Summer,2016.0,Casual,Facit Men Sportz Red Innerwear Vest,dados/fashion-dataset/images/15825.jpg
43269,Women,Apparel,Topwear,Kurtas,Pink,Summer,2012.0,Ethnic,Aneri Women Pink Kurta,dados/fashion-dataset/images/43269.jpg
52501,Women,Apparel,Loungewear and Nightwear,Baby Dolls,Red,Winter,2015.0,Casual,Red Rose Red Nightdress,dados/fashion-dataset/images/52501.jpg
39135,Women,Apparel,Apparel Set,Kurta Sets,Brown,Summer,2012.0,Ethnic,Aneri Women Printed Brown Salwar Suit,dados/fashion-dataset/images/39135.jpg
18376,Men,Apparel,Innerwear,Trunk,Black,Summer,2016.0,Casual,Under Colors of Benetton Men Black Boxer Trunks,dados/fashion-dataset/images/18376.jpg
28069,Men,Apparel,Innerwear,Trunk,Grey,Winter,2016.0,Casual,Jockey ELANCE Men Assorted Trunks 1015,dados/fashion-dataset/images/28069.jpg
9981,Men,Apparel,Topwear,Jackets,Blue,Fall,2011.0,Sports,Nike Men As Sideline J Blue Jackets,dados/fashion-dataset/images/9981.jpg
14392,Men,Apparel,Bottomwear,Track Pants,Black,Fall,2011.0,Casual,Puma Ess Sweat Pants Track Pant,dados/fashion-dataset/images/14392.jpg
52876,Women,Apparel,Saree,Sarees,Multi,Fall,2012.0,Ethnic,FNF Multi Coloured Printed Sari,dados/fashion-dataset/images/52876.jpg
18244,Men,Apparel,Topwear,Tshirts,Yellow,Fall,2011.0,Casual,Manchester United Men Printed Yellow T-Shirt,dados/fashion-dataset/images/18244.jpg
22591,Men,Apparel,Topwear,Sweatshirts,Grey,Fall,2011.0,Casual,Nike Men Stripes Grey Sweatshirt,dados/fashion-dataset/images/22591.jpg
33985,Women,Apparel,Bottomwear,Stockings,Black,Spring,2012.0,Casual,Femella Women Black Stockings,dados/fashion-dataset/images/33985.jpg
13327,Men,Apparel,Topwear,Shirts,Green,Fall,2011.0,Casual,Gini and Jony Kids Boys Printed Green Tshirts,dados/fashion-dataset/images/13327.jpg
34930,Women,Apparel,Topwear,Dupatta,Navy Blue,Summer,2012.0,Ethnic,Fabindia Navy Blue Dupatta,dados/fashion-dataset/images/34930.jpg
30893,Women,Apparel,Bottomwear,Patiala,White,Summer,2012.0,Ethnic,Fabindia Women Printed White & Blue Patiala,dados/fashion-dataset/images/30893.jpg
27004,Women,Apparel,Bottomwear,Jeggings,Blue,Summer,2012.0,Casual,Jealous 21 Women Washed Light Blue Jeggings,dados/fashion-dataset/images/27004.jpg
22052,Women,Apparel,Topwear,Kurtas,Maroon,Fall,2011.0,Ethnic,Vishudh Women Printed Maroon Kurta,dados/fashion-dataset/images/22052.jpg
49785,Women,Apparel,Loungewear and Nightwear,Night suits,Black,Summer,2012.0,Casual,Little Miss Intimates Black Pyjama Set,dados/fashion-dataset/images/49785.jpg
55794,Women,Apparel,Loungewear and Nightwear,Night suits,Black,Summer,2017.0,Casual,SDL by Sweet Dreams Women Grey & Black Printed Night Suit 319171,dados/fashion-dataset/images/55794.jpg
38582,Men,Apparel,Bottomwear,Shorts,Black,Summer,2012.0,Casual,Nike Men Black Breakline Med Shorts,dados/fashion-dataset/images/38582.jpg
39792,Men,Apparel,Bottomwear,Trousers,Brown,Summer,2012.0,Formal,Peter England Men Brown Trousers,dados/fashion-dataset/images/39792.jpg
52486,Women,Apparel,Innerwear,Camisoles,Maroon,Winter,2015.0,Casual,Red Rose Maroon Camisole,dados/fashion-dataset/images/52486.jpg
50649,Men,Apparel,Loungewear and Nightwear,Lounge Pants,Grey,Summer,2018.0,Casual,Chromozome Men Grey Lounge Pants S-4801,dados/fashion-dataset/images/50649.jpg
46895,Men,Apparel,Bottomwear,Jeans,Blue,Summer,2012.0,Casual,Locomotive Men Blue Jeans,dados/fashion-dataset/images/46895.jpg
55796,Women,Apparel,Loungewear and Nightwear,Night suits,Black,Summer,2017.0,Casual,SDL by Sweet Dreams Women Black Printed Night Suit 319371,dados/fashion-dataset/images/55796.jpg
25388,Men,Apparel,Innerwear,Briefs,White,Summer,2016.0,Casual,Levis Men Pack of 3 Briefs,dados/fashion-dataset/images/25388.jpg
57082,Women,Apparel,Bottomwear,Skirts,Blue,Summer,2012.0,Casual,Elle Women Blue Skirt,dados/fashion-dataset/images/57082.jpg
51033,Women,Apparel,Loungewear and Nightwear,Nightdress,Brown,Summer,2017.0,Casual,Enamor Women Brown Nightdress,dados/fashion-dataset/images/51033.jpg
